title,source,link,published_dt,summary_clean
TSMC raises sales outlook on ‘very strong’ AI demand - Financial Times,Financial Times,https://news.google.com/rss/articles/CBMicEFVX3lxTE9iaVVfMGtsRGhrNVoyelRWemxVNEdCY05fZ3g3OFp3bDZaUnFIdjBaWTM0SkRTcnVFem5ybGxTa3J6SFA3OUpRYXY2Rzg3d1FXaDIzNGc2OEFKQjREMUpzU0NENUplamlQSmw5Uk9lU2Y?oc=5,2025-10-16 06:00:04,TSMC raises sales outlook on ‘very strong’ AI demand&nbsp;&nbsp;Financial Times
"TSMC: Bubble, what bubble? - Asian Tech Roundup - Computing UK",Computing UK,https://news.google.com/rss/articles/CBMikgFBVV95cUxNWjY4eTZab29xVXZxTm4xQjZSWVBwMFJvTUtJZXBnNzRNM2hUR2htYXVsSGVnZlRqUDN2Y3RUbU1uTkROM2V1c25rZ21pTWNaMVI4Z3J6aENac3l2VDZUN0owd1dCaUs2NnlaOGpxY0ZJN3pMTzA4OUJ0dDNIOTJ3OEhZY0h5TVdpRGdSb1p3NkNQZw?oc=5,2025-10-17 09:02:58,"TSMC: Bubble, what bubble? - Asian Tech Roundup&nbsp;&nbsp;Computing UK"
Record-breaking chip sidesteps Moore’s law by growing upwards - New Scientist,New Scientist,https://news.google.com/rss/articles/CBMiqgFBVV95cUxNenJsU0NzckItdmVQVnhiUzRzUnVLcXE3U1VadGl0SVNwakxUazRRYUU2dzFvc1BVS0tFckV0MmNaRTU0OGZBQ1UwQzF6c01wUXRjbzE4VVZPdU05VXYzRlpZMEFLRnN2em52VFljVFA3QTdJU1hKSWh2elgwaFM1N3RxbW1GSURaZWkteGd4MlBHZ3hnSnc5d24tRG5FQW13bDY0WEdWWEV2dw?oc=5,2025-10-17 09:00:15,Record-breaking chip sidesteps Moore’s law by growing upwards&nbsp;&nbsp;New Scientist
Carmakers fear chip crunch as Dutch sanctions hit Nexperia - theregister.com,theregister.com,https://news.google.com/rss/articles/CBMid0FVX3lxTFBmdVhnMTgyM0pMZGJtazA0c0lzNzF2czEyaTdnWFdVR2N0Q0NUZ3A1WmdSbk1yUllUeEVfTjlfUnZObzVpdlNyZEdra1AxNGZDNFM1eDRDU0gzSkJOd0F2aWNUVmV0ZFRBeFhfRng3R192aEJYajNN?oc=5,2025-10-17 12:36:00,Carmakers fear chip crunch as Dutch sanctions hit Nexperia&nbsp;&nbsp;theregister.com
Nexperia: Dutch government takes control of China-owned chip firm - BBC,BBC,https://news.google.com/rss/articles/CBMiWkFVX3lxTE1BSFdqdDRRb1B1cG1nZnM3Zlc1Z0tGMl9ZU24zNWhFTGRxTno4ZUc4ZTJWSFUxRDNRN1lyd01yMkF3b3lTSnJWYWtOYjVVZmhhMXJoQ00tX2dNUdIBX0FVX3lxTE5iSXgyMnF5d2RCZnpYbUJTQTB4UkRsRGcwZUdNQ1M4UjF0cFp1XzJrRFRCcFlFdTBuRVBMSFZDbVpTcnVIbllQLUV0RzZrbjNIbzNUOVJCZngtTWNNeG1F?oc=5,2025-10-14 03:14:28,Nexperia: Dutch government takes control of China-owned chip firm&nbsp;&nbsp;BBC
ACEA calls for quick resolution to critical chip supply shortage - ACEA - European Automobile Manufacturers' Association,ACEA - European Automobile Manufacturers' Association,https://news.google.com/rss/articles/CBMiowFBVV95cUxOczRabmxTdGVia2hJb1FZVm91Mzg2akQ0UVlDRi1YT2xoek01SFJBZDhkSk5iYUxjYUZSTVpLTTlLRGU3b1Jzd1VEYmtfTUhDeWRJbVl2Zlc5aGpzUW1Wc0VtQXJ2cnVhRDRrX0RDLUcwQ1lubm44c0thcExSOVhoQVFoSi1GdmFzbkdudGdlUkVUbWlZV2ZvVTlHX2g2MVpyaGtr?oc=5,2025-10-16 12:23:14,ACEA calls for quick resolution to critical chip supply shortage&nbsp;&nbsp;ACEA - European Automobile Manufacturers' Association
This powerful Intel Core i7-14700K is just $260 from Amazon USA - Eurogamer,Eurogamer,https://news.google.com/rss/articles/CBMikgFBVV95cUxNSGJGUjVZQTBYZk5TMFgtYkNuZEhEbi04aWhMc3FPUU5JTXM4SDY5TWU5ZDJ5VUNzbTJvckIyVDVhSUltN0N5SnBUOGl3TWhMbjJhakM2cEZYQWh3bHQ0TnF2ODNCQ2x1WG0tWGtLQllnVlBHRENiM1hqcS1FaG1OVUVYSG1qem00ektoSVpqTzc3Zw?oc=5,2025-10-17 14:36:59,This powerful Intel Core i7-14700K is just $260 from Amazon USA&nbsp;&nbsp;Eurogamer
Nexperia crisis: Semiconductor supply shock threatens global auto production - Automotive Manufacturing Solutions,Automotive Manufacturing Solutions,https://news.google.com/rss/articles/CBMizAFBVV95cUxQdkxBWUNxcEV6aTVWeDYyc3pmZDBOa3ZGbW03X1l6M1ZTTGJFaElUdzJIenFUQ1pxbEdYeFNuVS1XblU2SURzbnBTVzQ4SXl2QWU3NEZSODlKZUhNZjB6UXh4bnBMUFNybnVVSDBWUWdZRHBJeGt4dkg1ZS1VdWZVdlhVaVFoZnNXWThkalVKWG5BWjdJNmJQamZRSWxvc3l5dVZ2ZUJFQWhkNFRtazBNcHEtYUNPVlFzcEwzVTFPWDhRWWpDOUt1WHMzWVc?oc=5,2025-10-17 12:09:48,Nexperia crisis: Semiconductor supply shock threatens global auto production&nbsp;&nbsp;Automotive Manufacturing Solutions
Fish and chip shop to reopen under original founder - Bristol24/7,Bristol24/7,https://news.google.com/rss/articles/CBMiqwFBVV95cUxQeG1ROEZ0ZU5LOVE3SzBNeE9tLUk2a05SZU9URXVBQkxrRm1TQXFULUVMeF9sQTVrdXIyZFpObUVfTms2MVJ3RnU2RVpkMHphMkI0NVlIRi1UMkZOdHlNMjFVQlhMcldhbFFRMy1pRjdBd3RicXJtUWY5a3BRSV91Z3E5bjI4ZFZERENGOUJjc2d6RWlSbjZqaWRlYVh2Z3J6dkk1aVBZbFBUc2s?oc=5,2025-10-17 09:43:02,Fish and chip shop to reopen under original founder&nbsp;&nbsp;Bristol24/7
Automaker group warns Nexperia chip supply issue could quickly disrupt US production - Reuters,Reuters,https://news.google.com/rss/articles/CBMi1gFBVV95cUxNT2FpcXJLZ0o0aTdCTHNlSXBNenVCZng3RnlNOTZ2bnVsaWNYbXN1WGN4ZXZleGk4VzVTbkZwc2xIS2l1dTdqbkNyTUFlRWNBRkc4c3VCQTNrYVNucEI3ZFdKOWgyQ2V2QmFWZzYtb3hTWUZtUmdDa3YwM0E4T2ZIUjlPMTd6SDdHdkk4T2lPdjdXSzBkT3BZTnZuWG5KZkZsaXZpR1Z6ZEdZUUwzMkhQVEs3YVB2LTJKLWR2cF9OLWV4U1ZVNlhiVUZ3QWJ4NV9yY3dWS0h3?oc=5,2025-10-17 00:19:00,Automaker group warns Nexperia chip supply issue could quickly disrupt US production&nbsp;&nbsp;Reuters
"Stocks to watch next week: Tesla, Netflix, Intel, Lloyds and Unilever - Yahoo",Yahoo,https://news.google.com/rss/articles/CBMiogFBVV95cUxQYTVzTkZhNjV0R3RKWnBBLS1BNVhNNDZkRE1feGxsZ2xqMWhKTTd3Q1h2YjFzR0xMY3R1clRxWkNXUklWREdCRHBjalROUEhqTDc5VUVvOGxVYkxldGVFclVXS0VnZVo5Nnp2X1NubDlyeEhnU2RxUUpmdnhZNFcxSDFTNm5pTWVBLUxQLS1TRjM3MnBEc0NYSTVRM1RBYmMwQ1E?oc=5,2025-10-17 14:16:34,"Stocks to watch next week: Tesla, Netflix, Intel, Lloyds and Unilever&nbsp;&nbsp;Yahoo"
Chip shop owner has one item he'll never order when he gets a takeaway - InYourArea,InYourArea,https://news.google.com/rss/articles/CBMipgFBVV95cUxPRUdaRnhVckxUdGg3VFdMaW5sbWdHXzdlZ3hMS1JyenE0emhKOFJpTXc0UDlKcldWcVIwakdUdWF1SXR2ZW5MaXJoa2NJSndQaUJwdVE2LTdzV0o2SFBZdGp4bElXZ1JxeDI5cDJpUGtfQTdQazlQaU5waHluREhodmFtNzVnem5RcHl2V3Zwd3FYaUhVVlo5YnpsNENQMVRDVlZmRTdn?oc=5,2025-10-17 11:32:12,Chip shop owner has one item he'll never order when he gets a takeaway&nbsp;&nbsp;InYourArea
TSMC Lifts Full-Year Outlook on Soaring AI Demand - Caixin Global,Caixin Global,https://news.google.com/rss/articles/CBMitgFBVV95cUxQa1RQZHhRejdiWkhlZ1hJZUZNNHhlWnUtRGZBbk5lMTRwNlpTYzFrcjhkWU5WWWpLWXBlSkNLNmhMNlNGX0g4a0U4TzJoOTNwUWxQRDZSZ2swUmhoS0NweGR6ZTVBWURpVWl2TUk0V0hnejREWWF3M3JXUzhKd3Y4VHBWclBXSUtBOVMxTTVCV2UwTW16bVNxc1VMR1RpX1FzSEV1ZXE1Q2JuQXJ4ZF95ak91NE5Udw?oc=5,2025-10-17 10:17:00,TSMC Lifts Full-Year Outlook on Soaring AI Demand&nbsp;&nbsp;Caixin Global
TSMC Reports Third Quarter EPS of NT$17.44 - Taiwan Semiconductor,Taiwan Semiconductor,https://news.google.com/rss/articles/CBMiTkFVX3lxTFBtRnptUExYWjNlZ0YzUlBzY3dxTlZMcWhsb0dIMmNoT3pPRnJ3YnpLTUJadG9QU3V6ZFpLVXUxalNMX2tEd3hCaW80bVE4dw?oc=5,2025-10-16 12:00:00,TSMC Reports Third Quarter EPS of NT$17.44&nbsp;&nbsp;Taiwan Semiconductor
Taiwan Semiconductor Manufacturing Co. (TSMC) - Britannica,Britannica,https://news.google.com/rss/articles/CBMiekFVX3lxTE1qcmkzWDFJem9aNjFJODBRVml5UUxNcWk5eXQ1bU41bUFiUG9LMFVHYWpnVi00Q0ZHSUZnTlpSTUdSVTMxUXpQcFUyMHVmLVVCMG96NldrdkU0bExZMW1RWlpyVU80Y2R0N29KejlpNWIweUVVRUxGUUtR?oc=5,2025-10-16 03:12:00,Taiwan Semiconductor Manufacturing Co. (TSMC)&nbsp;&nbsp;Britannica
"Industrial Micro Filter Market Analysis 2025-2031: Emerging Opportunities Across Semiconductor, Automotive & Pharma Industries | Valuates Reports - PR Newswire UK",PR Newswire UK,https://news.google.com/rss/articles/CBMipgJBVV95cUxNYzA2MExMeGNBNmRXNHVOZE14LVpPVmJFeWhSTlY0am4yWnhnTUxKd2RqSU1ueHZPSGx6VnZVcGhvWERpUDJJa1oxa0tFNUEwbmp4amtfMHVETzFIejE2clRYTWdheER6S1pWTGRkSl9BRDhwaXhpZy1JckhIY0w4MzE1cDd0RldndmxPbnhUbHFlUUZob0FaQlNVZ2RDNXByTm5OR3dBWkRXanJVYTJSWG1NTkVHbklWdEJsT1E3R0ZiUW5YRUxNWTRDbGpKeE5JSlRubFR1QWdUTzRZLVlkRTlkWGN0eVNSYmNSVEwxbDhpaFhmNS02UnZLcXF3ejFPVkRNSE1aTTl1d3VnRG9RajRXLTkya2k2WXphSjZqOGpLVkYtMlE?oc=5,2025-10-17 15:12:00,"Industrial Micro Filter Market Analysis 2025-2031: Emerging Opportunities Across Semiconductor, Automotive & Pharma Industries | Valuates Reports&nbsp;&nbsp;PR Newswire UK"
Fife chip shop which served Justin Bieber is shortlisted for trio of awards - Fife Today,Fife Today,https://news.google.com/rss/articles/CBMiwAFBVV95cUxPSW9FUmRmVDZRdkxDXzhYeWc2YkRvM3VhRktEbW9NdlNNRExsbDk2dlEwMUx1TENJaTJFUGUwVkNHZDBhanRVbDFKSEMtWkhGLTlBdENIdUExYUduMWpsSEYybTBZaVNRSVluU0JFTGFrOXNrZDlvLWJpbjZ2VWhrbUs0QmQ5VEoyWlE2WkU0OS1qZ1hYMlpwak9fbmFNdUJLdGpDTU16Q3gtWjRJTXV2MEtCYkx6TXR6YkFyRExZSGc?oc=5,2025-10-17 11:28:00,Fife chip shop which served Justin Bieber is shortlisted for trio of awards&nbsp;&nbsp;Fife Today
"Apple unleashes M5, the next big leap in AI performance for Apple silicon - Apple",Apple,https://news.google.com/rss/articles/CBMisgFBVV95cUxPLUc3ZW9MMWVBMFI4OGR6el9WZkpDdWNuNzR0WGtKSGVYdFUyYzRUMWhVYTNOLXdqRG9tMVNmVE91bzBNNGdOeFo2d216LW00NGhsMEozYVpINWI5c2lzcHdDNDhWU3ZCWDJNZ3lRT1FOTFg0ZjRQS0Q2YVJKekpwaUZoRlRWU1pMODNpTnJvdWExUE9oTlBtMzRyZ01ZUEVfcExaTE1YLV8yLS1WUkpUZ19B?oc=5,2025-10-15 13:02:46,"Apple unleashes M5, the next big leap in AI performance for Apple silicon&nbsp;&nbsp;Apple"
Carmakers gear up for chip battle after China curbs Nexperia exports - Financial Times,Financial Times,https://news.google.com/rss/articles/CBMicEFVX3lxTE9pbVhKSTFzMU5NZzlVRG1zZmJieXloSFNKMUtJMk53UEl4RlFkalJnZGh5anMyU1NRQndsS0IyQmVCSFZ0bTNWbk9RcUJBdUp5YklBMnlrTUZOUmtYb01ZandGWjlUVmpHN2FURi01bm4?oc=5,2025-10-17 13:04:47,Carmakers gear up for chip battle after China curbs Nexperia exports&nbsp;&nbsp;Financial Times
TSMC raises revenue forecast on bullish outlook for AI megatrend - Reuters,Reuters,https://news.google.com/rss/articles/CBMiqgFBVV95cUxPaFpqYnhsVzlQbC1zR0NKcEFrbEdFdWRqbXJoZUdBeEtWRzVXQU5SYmFCRTh6T2dQaG5CMFJkUXNtclZMTFU4NnJnQVFPRkN2cnhsckV1Q0Q5TmZKdllIb2xqQWo2Um5GMzJOVDl4QVluRnMtSjNzZk9xZkFGYk5pNWJ1UWowajBSaXlieHdncVlKQ2YxdTRLR3dBOVJRc3FLcUJaa3A0bFlidw?oc=5,2025-10-16 15:00:28,TSMC raises revenue forecast on bullish outlook for AI megatrend&nbsp;&nbsp;Reuters
"Earnings live: TSMC profit surges, CSX and Interactive Brokers Q3 results beat estimates - Yahoo Finance",Yahoo Finance,https://news.google.com/rss/articles/CBMi0wFBVV95cUxPWUFleXVPSG8tX3hkbkhpNmRqb1NXNklud2M5QndVdWZaam1NSHFmcE1kSFJkZXN5UmtqYmo5QW9xZUpteXlWVzZRdmNKbzFoRHpTWjdOWlJUNVJpT3hYSzYtN2JqT2R3U2RmRms0eTluM2htTWptRGZiNm9XVlRZdEFQMGtmSTA1R0JQRWhGYmtfc3dhRjRod1d1QjFSSkNDY3VHSlZwenBMX2xYWHR6TGN4SDJBbjdRcXRpaWRZR1hydTV6TXpRbEZMOWpLR091OUxZ?oc=5,2025-10-17 12:06:03,"Earnings live: TSMC profit surges, CSX and Interactive Brokers Q3 results beat estimates&nbsp;&nbsp;Yahoo Finance"
Loch Lomond Group opens Scottish gin distillery - Global Drinks Intel,Global Drinks Intel,https://news.google.com/rss/articles/CBMiiAFBVV95cUxPc19OWnZlNGh3bFdBQXZkTHVTNnRFMmRVc3ZyNjlFLTNEOTRNakswbElmSmVrXy03OHc0ZGloc1ozWjZJQzJYZVFEdkNEWWZMMUlDNlFodExRMGRSaTNZVW1DNGUtekpVSHFFSVZNZDRIYWx4QmYtSS00djJPd3d5ejd1VnlUMTdx?oc=5,2025-10-17 12:27:00,Loch Lomond Group opens Scottish gin distillery&nbsp;&nbsp;Global Drinks Intel
Intel Foundry Reportedly Secures 18A Order from Microsoft for Maia 2 Accelerator - TechPowerUp,TechPowerUp,https://news.google.com/rss/articles/CBMitgFBVV95cUxNV1RaUXBoUGlkRGZ4R01zczlyTWh0TDdacHpxZXJ0WjktTFFOV2t3aThtSi01Q0lsYTBGZEJTVmRFelhGQUhxOUZLY2RFSHpJNERoNFpvTmlOLThGSkFNSjUzN0lmSFQ2d21TSm5udFVBVXpnQkxPWmVONzRvYldtbk9sRURpLXhfQ3ZvTGNOVVJzLXNvRS1XVFQySFJyQ1Rzd2o1enVGNkxrMGFzOGh1NVA1Q1gwZ9IBuwFBVV95cUxQWFg1Vmdld1A0NjV5cU9ITWNUcDk4b1gwbjNNUU9JSE83WVhnU1lsLXloUGE5UTR6Nm0xbkh5MVA2R2hyQ3RwajM2ME5GY0hNUE1MZmVyRTNCaWxrZlYyWkVxUngweHBRbXJsbEdETlZEV1BvRDdTeFFES1h3TVB1R3F6Y0tFZm9wakNVRUtUbUJ5N19HcER4dVJHejZFZ2hUTDRSdmQzemFTYWhSTUdGY1lPNU5KWkZjaFBr?oc=5,2025-10-17 15:00:06,Intel Foundry Reportedly Secures 18A Order from Microsoft for Maia 2 Accelerator&nbsp;&nbsp;TechPowerUp
"Apple M5 Chip Breaks Records with 4,263 Geekbench Score - Gadget Hacks",Gadget Hacks,https://news.google.com/rss/articles/CBMilAFBVV95cUxQekZNdWp0b3kzUVlRbWlMeTVrdnJzcE1CNHZ0cHFDdk9Gc0dTMElxSVlWek1odVhjclhQTWpCUWZpVVdqV2wxQm1GbW1YNEx1SnFPOEVLaE9sWFJtVE1pUGZDTnZYMWpMVGp0LWU3MUo4RWJKQVNJaDdkOWhza3hXY0xwNm5VejVrTlIyLWpWWFJBc2xR?oc=5,2025-10-17 15:10:44,"Apple M5 Chip Breaks Records with 4,263 Geekbench Score&nbsp;&nbsp;Gadget Hacks"
TSMC Shrugs Off Shrinking Chinese Market Share - The Daily Upside,The Daily Upside,https://news.google.com/rss/articles/CBMipwFBVV95cUxQX3JiUkJzVm1GSmZILUlzcjRianowSk03LUloRkExWXlOVWc4RTJwb083NFJiblljNmxWWVlmMS1XTkZfbFkwLXh4RVBDQUsxeU5mTVNveTdSUE1SSFpQNmw5VGdSZVpuSVFBYjFYa1dRYjNDNGF1cDl0SWpFRWRvUHRhczFzeDBTc1l4S3VXRXZta0FBblZ5RWkwZkxrWmVnd1cxWnRDOA?oc=5,2025-10-17 10:30:43,TSMC Shrugs Off Shrinking Chinese Market Share&nbsp;&nbsp;The Daily Upside
Taiwan Semiconductor Smashes Q3 Earnings Target. But Stock Retreats. - Investor's Business Daily,Investor's Business Daily,https://news.google.com/rss/articles/CBMilAFBVV95cUxOSzh0SzJfMTRoT1l1MzhKdElyd0R0dFlfZWwzdWJJNHVlU3NOOVMxUTFZQm9rd19oVFltME1mNWZMN0ZHeDhBZklBZXVzNWoyRnNJbkhFMFZNZGN3U0xzYy1oVDRuTU5jbGF6NzNsdHkxYlowSy01R1ZqM055TXdHVHBVblI4dF9ZcWRZY1YwTXVjSmsx?oc=5,2025-10-16 20:36:00,Taiwan Semiconductor Smashes Q3 Earnings Target. But Stock Retreats.&nbsp;&nbsp;Investor's Business Daily
TSMC Raises Outlook in Vote of Confidence for AI ‘Megatrend’ - Bloomberg.com,Bloomberg.com,https://news.google.com/rss/articles/CBMitgFBVV95cUxQbVJrck9JZGR0b2d1WDVucGN3enBFcnpvX19pWV9SaVc0ekxRcFc1NWQtUlBoREdUbnNQbF80a1hyXzBhbDlHVjh1cWpseG9CVVdxVWZnTndNcWs4ZW1pNmw2cDJWUWVWcWF3WVZpNnAzbzJndTJ4TGtTS3F3NVVOTnROQWJOejRHcmxySlM0X29GRXNhQ2hTQmNEZG4wal94X0gwS0FSNUtZMnIxaXBkRWZGNlQwdw?oc=5,2025-10-16 08:29:41,TSMC Raises Outlook in Vote of Confidence for AI ‘Megatrend’&nbsp;&nbsp;Bloomberg.com
5th Haywards Heath Cubs crown Sam’s Fish Bar Restaurant 'Haywards Heath Chip Champions!' - SussexWorld,SussexWorld,https://news.google.com/rss/articles/CBMizwFBVV95cUxNYnJucXdfRm9XRlNBQmZrcGlJV0FRejR2RHFiYlk5dDN6OG5mb0tPLWQ0bmlXV28zbE9xQ0RTdlg1bjBwN1VnX0ZnSFVvaFV3YU5uUm1TeWFocmFkeGtrazAweWdvcGZ2akNMenpCUEtuNGRnVmNaclhlU0hHczNyYmxFUHdSei1TTEVoQmNwcEJMRVVtUkR3UFk3SjRCWFl6ejE3UUpzbUhONUQ3bl9wU2tDWjYyMVczZkFpOEVRRWlKWi1iUVpoQmN6RnNiTUU?oc=5,2025-10-17 11:26:00,5th Haywards Heath Cubs crown Sam’s Fish Bar Restaurant 'Haywards Heath Chip Champions!'&nbsp;&nbsp;SussexWorld
40 best fish and chip shops in the UK mapped - full list shows exactly which is closest to you - The Mirror,The Mirror,https://news.google.com/rss/articles/CBMiekFVX3lxTE1VcElqc3ZoZ0MxWi1nUjlhVUx1LTVsdVBvRW5OUDZKemlhd2UzOEg1WFM2cklQYzBZcUFjdmhDMkJBS29GWXpFY2NRUzV1QTc3NDlhMDZmZUpkMEg3VnEzWUxBcnItZGFwbjJMZU1acXU4dlo5enBTbVpR0gF_QVVfeXFMTXBKa01zUFZuX21ZbDMxd25MVEVzMUZqYmJrMmZLT0J4Tlo0YTM2NktDTVc2M292Y2FzT3k3aGJvSWkyS0JpSjZEVmxVTzlybVlCX2RWWmdSYk5ISXBvVUliaVVXM01xRWg2MXlTLWdFQTdNcW9GcDYxT1ZwSEFaVQ?oc=5,2025-10-17 10:56:00,40 best fish and chip shops in the UK mapped - full list shows exactly which is closest to you&nbsp;&nbsp;The Mirror
RAF's Rivet Joint gathers intel along Russian border and lets Moscow know we're watching you - Forces News,Forces News,https://news.google.com/rss/articles/CBMixAFBVV95cUxNZEZ6cnlVSmRkQ2xTYnQtV0p2YzRXekdzRnMxb005aWRpT3E5QTFGYTBrbXRibUV0TkFhOUV6MjFKT0JCd183aHVoQUs4bGRHVVFIWFR2QmVZeWdYUUtFWG1WNDNLVndhOFNGV3RRUXpoUW5wTHl1dXktZ0dEdDhPd1g1WTdMbE1GcHNJQVlxVGVTUW9DTHlwM1NkRjYzOGdpT2tSRU9WY0drUmU2VkFuNi1mTjl6Z2J5a2hBRGdyc3lVdWI4?oc=5,2025-10-17 07:55:19,RAF's Rivet Joint gathers intel along Russian border and lets Moscow know we're watching you&nbsp;&nbsp;Forces News
Semiconductor 'brain' combines transformer's intelligence and Mamba's efficiency - Tech Xplore,Tech Xplore,https://news.google.com/rss/articles/CBMikgFBVV95cUxONkExN0xhMnMyUjlZSncyZlhIVElSaExXVnpjczFBelMzUVQ1Szk3c0RTaVFCUU1vdXFLSXdWUTNtQWk2aUxVMGszVzFPLXAxMEp5Nzd3QVdjdzE1blFPQmRSNXpMemJab0RTUWlFWmthSEhWd3JjN0tHQnI5SnZWdjYxcTJldUliejg2UVFYUjcxQQ?oc=5,2025-10-17 15:39:03,Semiconductor 'brain' combines transformer's intelligence and Mamba's efficiency&nbsp;&nbsp;Tech Xplore
Tumor-on-chip models of CAR-T cell therapy - Nature,Nature,https://news.google.com/rss/articles/CBMiX0FVX3lxTE1Jd0ZJc2g3Rm16dGRaZ3BkNmpSZl9NQmFIS05pQUxGcDg2SHNQczFGaTROU05PN1FBVFBKZWxqVXF0VTQ1SjFRVl9qMjVpUkYySmViSkdsSC10UFlzajVB?oc=5,2025-10-17 09:21:55,Tumor-on-chip models of CAR-T cell therapy&nbsp;&nbsp;Nature
Micron to pull out of China’s data centre chip market after sales slump - Proactive Investors,Proactive Investors,https://news.google.com/rss/articles/CBMi3AFBVV95cUxPLUtYNjZXblJzMG1Jc0RPZmdQMTNDTmtkWkYxN3dWTld4Y1EzUFV4SC00b0NUSVR5VXNIb3VXU2NacTZxU01FUVN4czJjMUNJaDVaXzBzVDU1ZGN0ZTJacUx3RVM5ckdJWFBTcUxqT1plczNWMUlTVTltYlRPQTVwSlY4aEt5WTN0QnVlcG1FYWFxQmtZR0xnS3l2U1lXR0RkR1NwV3hPb1lRS3h6al8zQ3lLbklVS1pORGROQTZ5aEJqRjJzQ29tVDVEUkUxLW5UX0RUN3FKbmg4ZDFz?oc=5,2025-10-17 07:21:00,Micron to pull out of China’s data centre chip market after sales slump&nbsp;&nbsp;Proactive Investors
Intel’s Q3 Earnings Preview: Doubling Down on Dominance | INTC Stock price - Somos Hermanos -,Somos Hermanos -,https://news.google.com/rss/articles/CBMinAFBVV95cUxQaUFMcDlfYU03aXdMZThISzhLNzAteGJZRUZyTnhtZHdJYnk5enNOM0ViZ3ZsaVNvcnV1R2k1enZKYjlUeGFwbnVwUFhCRkZ1YWVMQi1DSmlQZURFQVhUbkstZURZN3NzUnV2alVJclFkc25GOVhjRjdscVltandjY0RHUmhsZUZReVA5cTM5WHowUGpSQVhFM0JyNlo?oc=5,2025-10-17 13:42:20,Intel’s Q3 Earnings Preview: Doubling Down on Dominance | INTC Stock price&nbsp;&nbsp;Somos Hermanos -
Norfolk Broads fish and chip shop temporarily closed after fire - Yahoo News UK,Yahoo News UK,https://news.google.com/rss/articles/CBMiekFVX3lxTE1JdG1PTkZkTVhLMDlWbjdNTDhhQ210amh0ekxMYVpsRExJYkdRemJGbWFLb1VFTjJudFVmZGFybHVqVEpMY2tWRHpyV3dScUY2cXpCQy1FbDExcHZDblFtUUJPSXNfRTVORS1vR0xFYWgtOEU4dGhNVGNR?oc=5,2025-10-17 15:26:00,Norfolk Broads fish and chip shop temporarily closed after fire&nbsp;&nbsp;Yahoo News UK
"Apple unveils new 14‑inch MacBook Pro powered by the M5 chip, delivering the next big leap in AI for the Mac - Apple",Apple,https://news.google.com/rss/articles/CBMiogFBVV95cUxQUUM1Ri1MVEp1ZzNrNk5kTllRa3c2Q3BWY0pxaUVVdC1UVnJHSnFGZ2lNYndaSkp3bTBKQ3VUdHp0elFUbXZTZ3lpNjg4eHplMktUV29DaXNSVEtyaDg1dXJqbUhKd0dNckxUNVAtOFJTQldoVDI4QU1OeXhUQlZfZWlpRzJfTW4zcC01Zjhrb1dlaFFVVTJNUWd2eWx3Q2hzc3c?oc=5,2025-10-15 13:04:08,"Apple unveils new 14‑inch MacBook Pro powered by the M5 chip, delivering the next big leap in AI for the Mac&nbsp;&nbsp;Apple"
M5 Chip Achieves Impressive Feat in 14-Inch MacBook Pro Speed Test - MacRumors,MacRumors,https://news.google.com/rss/articles/CBMigwFBVV95cUxQZkktUFBBaWpjV2ZaRmd2a3Q5X3U1TUtFNUxubjVpQ1lYSEZmV3FvT1ZUMVVVaU5iYVVaMmVMb245NWt5Yzgyem5oMTVvMkhXQU5Pem1xd3A5Z2JlbjB6dFA5WDFWa1hoXzNvR0JQNXJycjVrb1NWYUYwZ19iRHRvTEpXSQ?oc=5,2025-10-17 14:10:43,M5 Chip Achieves Impressive Feat in 14-Inch MacBook Pro Speed Test&nbsp;&nbsp;MacRumors
Amkor breaks ground on $7bn semiconductor campus in Arizona - Cleanroom Technology,Cleanroom Technology,https://news.google.com/rss/articles/CBMijwFBVV95cUxNWlBKYW9ZM0xzQXQ0NktBQWUzVEppRzUtVkpzNHNRWTlteWhFQXRON2w5My1NMGMxVU95SllGdmdnbEZPeGNEcWxsaEh4bnFiOHEyS3Z0dURvQk1yaUZaTFFSMFpJU1JUazduT0pmdVR5UWt0ZDZpaXd5TVBxY1hVNldWSUJFb2VRbmR0VFFydw?oc=5,2025-10-17 09:50:12,Amkor breaks ground on $7bn semiconductor campus in Arizona&nbsp;&nbsp;Cleanroom Technology
Brazil Slot Intel Report: Week 41 / 2025 - Gaming Intelligence,Gaming Intelligence,https://news.google.com/rss/articles/CBMipAFBVV95cUxPbHlWWXI4U2Q5YXJoT2gtRF9aaDE2aFlpdjNqZkVMUmphWFI2dkJLMDI0cGVDOWtxWnhSVlFMY21tV0wwVTllV2phdWdhakgwek8tUURnOGtubjcyZk43NzZnV09naW9sYlJXa0tlMFBRSko1anFxTkFnV3EtaV84WkpBRUhBQUtjVTJyRnkyQS1TVkJnWEM1dUg3X1FHREVpaGRJQQ?oc=5,2025-10-17 10:58:24,Brazil Slot Intel Report: Week 41 / 2025&nbsp;&nbsp;Gaming Intelligence
Newcastle restaurant plans for Scottish fish and chip firm loved by celebrities - Chronicle Live,Chronicle Live,https://news.google.com/rss/articles/CBMiqgFBVV95cUxPaldHZGdmcWpaeFR1N190UG1iYlZxa2VYZ2NDeDdsM21ObG1mOGJJZ18xU3JmRl9TLUNxSXU0MFc5TFVUZWdvRGRlTGE1bG9pWDZtRm5ZMkNoeWNJbWR6Ny1HT29TdnJMd3d4RDA5aHoxMy1oT1BCSHJDVXhZM2VPMVVXN2R5YlA4cXhBRVdBVnVZOE15a0UtNzVncmtPTXdSMkpBd3REemYzZ9IBrwFBVV95cUxNMnRGX0ozcHBEbi02Szg2Ykt0SERYdFBBMzZyWXVfc2Rvb1NqbWJjS2FKUVJ5ZVpldXdZalFNSWJlQTlycUk3d01oWmhab3dMdDhHbWRMVjdyT05QVmMxdERQSEp0akcwTXlibzM4eHg3VHhhUlFRZmZaTEFKVGl2eTBoZWJvbmlhM0pxeXliS1NfQjEzV1gzQ2NxaGc5WkVqSjRydFo4aDhoSHZna21F?oc=5,2025-10-17 10:39:00,Newcastle restaurant plans for Scottish fish and chip firm loved by celebrities&nbsp;&nbsp;Chronicle Live
"Apple M5 chip smashes Snapdragon X2 Elite in early single-thread benchmarks — single core scores rival Intel's Core Ultra 9 285K and beat AMD's 9950X3D, teasing multi-core potential of future variants - Tom's Hardware",Tom's Hardware,https://news.google.com/rss/articles/CBMi4AJBVV95cUxNR2RrTVkwWjF4UEc5Z01WZF9JZUFOd3BvMUs2RmoyWGxyaDhnTThSMnY2YlJyZWJaRnF0TmVCTk9wOFdlMW5DZHNCcE1ELTdhQUxUcG5IR0tsai1wYU1aaEY1LTR3WjNjVGlqWmdiSFUzREkwLU5jMjJaVGU3UFpmMmhaMk5mLVlLZG9LTEdjVVlkYmZxVFFKbjh3bUptWmhleTI1bW9FRUphQ0JTcE1UNEJXNGJHSjNVcWRFdzVaQWNXRUJqNWU1QUdBeDM1eG5weExKM05Ga3ZaaUZFNkxzXzNGUWNtUkprZlNVNGhaTjR3c05xeWJnQ0ZseHZ5UGRDMnhaalRWUW1Ha3lxVk1uUWFfU3VaSVMxVlVkWU9PX2JUU3c0YW1Ob2tVdHcwU0lLNVJhQ2Q2eGZWVENEeVdlckgtdTFNTkh0Vy1MMDZ0d055em9ZVUdUQTkxRzRvdnBq?oc=5,2025-10-17 13:07:02,"Apple M5 chip smashes Snapdragon X2 Elite in early single-thread benchmarks — single core scores rival Intel's Core Ultra 9 285K and beat AMD's 9950X3D, teasing multi-core potential of future variants&nbsp;&nbsp;Tom's Hardware"
Chip Industry Week in Review - Semiconductor Engineering,Semiconductor Engineering,https://news.google.com/rss/articles/CBMibkFVX3lxTE45OHpNN05GYUEyYTV6ZHhCRVB5RFIwYWRHMzVrM1FNS0x0eVVpbTRtcnphc3N4VVdYR2lvWWV3TmFWUHBNaWtmTWUtcVNBbGdDbGdQQXRvTzFyTXh1elBzejVsZlo4SFBMWl9hRml3?oc=5,2025-10-17 07:32:01,Chip Industry Week in Review&nbsp;&nbsp;Semiconductor Engineering
Taiwan Semiconductor Manufacturing Just Announced Big News for Nvidia Stockholders - The Motley Fool,The Motley Fool,https://news.google.com/rss/articles/CBMiigFBVV95cUxPWE1DcjhGMEx5ZmtfUEJkLW1lbnpsWDJMVDBwOXhic0NQWWVYRWdFSlk4T0xrNldXVEhaOU1BdHJMV09KN2FmUnBYQVJyVEVZVUtRUnB6cXg0TmlnQzl4aWE4NklGNjJQVG1pTFJPWmx2NEk1LXNGU1BqWGROMmw3LUJ1MGpiQVFNcWc?oc=5,2025-10-17 11:35:00,Taiwan Semiconductor Manufacturing Just Announced Big News for Nvidia Stockholders&nbsp;&nbsp;The Motley Fool
Apple introduces the powerful new iPad Pro with the M5 chip - Apple,Apple,https://news.google.com/rss/articles/CBMioAFBVV95cUxPTl9semRLOTliXzBWTGRWT1IxUEVXei1QYUNvMkRLcXZpTS05YW5mLS1TeDQ2OFFkUVRTUnFoWDd4eWpBOEhwM1l5SHVOOE50djBRRDJZWjlkNWlCc0c4VWF3UWtZbC1NSWQ3Q3g1Q2dwVXh1V1J5dGdmanRSb3Y4RkFKY09KOXdTRzZYaHFfRmVzVDhzVTJJVDBWd3Bma0I2?oc=5,2025-10-15 13:06:37,Apple introduces the powerful new iPad Pro with the M5 chip&nbsp;&nbsp;Apple
"TSMC posts $33.1 billion for the quarter, its best quarter in history thanks to AI, HPC demand - TweakTown",TweakTown,https://news.google.com/rss/articles/CBMi4AFBVV95cUxPb2pLMUEzODd3Tk45c0xWYWYzTjdONFRKaG0yY2NEbTFHdGlxVG5vbjljVHpYSE9ZWXV4TjdCNkk2RkplUmlLRlFBTWhhb2ZwX2xLOFgtRDVHc29MU2RsaHJkczBGVmJFSTl0RW5pSUNCd1Rvcml1UUtzQjFRTndjb3JTaGRlejVUOHRKZkJtX3l6RllxeHBpRm02b2VYbXROQngzYThfVEV5Q0lwU3BIUmpCbEkwMGFseGh1SDFZbTJFYV9hRTBEQi1sTVk2QzdVUU81cEVIRGNYSjBlRHJSWg?oc=5,2025-10-17 11:25:58,"TSMC posts $33.1 billion for the quarter, its best quarter in history thanks to AI, HPC demand&nbsp;&nbsp;TweakTown"
Why Micron is pulling out of the data-center chip business in China - MarketWatch,MarketWatch,https://news.google.com/rss/articles/CBMirwFBVV95cUxOaHV4T2lMZkNRdl9fVll2VmEyczExQjAyRllsNnBqaWYxemR2aDdlYnBWbW9KUl9ldDJoQ2VpNkZyRVc2eTRNU0c0ZXlFOUdBalQzR3laY1JKVkk1S0VTREdJeUt5YXM1aW5qYndrOV91TExidldoQThJd2ZNN3NBa3NNa3lpY3BUeTJfX3pEOGo3ek5TVmdteUtiNWZfOHNTMGRpcnBGNGViNXRFWU5B?oc=5,2025-10-17 14:09:00,Why Micron is pulling out of the data-center chip business in China&nbsp;&nbsp;MarketWatch
TSMC profit surges 39% to beat estimates and hit yet another record on AI chip demand - CNBC,CNBC,https://news.google.com/rss/articles/CBMizwFBVV95cUxOQW55blFQYU5NcWp4a3JJSjcyNjZFZjdvZ1QxWkNfd0FUTFhac2RkNGpmX0hpSmZiQVhlZWdSbmRqbXZDWk1hYUEtaEhNZlMwS1R2SVlPSGJYVnY5WHVrSk83QWNqY2h2QjJUcFdSRW1xYzlSWWJTVC1GMTVJY28zZ3JFTlRiMlY2bHVNVUY3TDN6Qks2cnBJOWIyckVUZGp1dkRFN3RsVmhfWkxnLS1oR0ZrR19KNFlBM3ViMy1GRVh4RkxLeHhZNEhjTlZ2OGfSAdQBQVVfeXFMTzB3V0I3UExzR3NLdVI3cWdsbnhUOVNaWFJtUnVPYjJFWkM1TEl2NkxGNXg4WWJXQ2Y3TFQ0eGdjNzBQV2FWWHpmdXAwbEVWQ0lLRTJtaWg5Rk5qVlVGUGoxdUE5ZFNqcEhiSXk4OFJrM05KbmxfRWxsVVBOYWN1QlFQSWFzODU3ZUd4OHRQdGNZUURpQ3cwNkpYa2FfRGZ3cnQ1alN3bERRZ1RKamdmVjhXQU1ZUlhkVU5ydlhHUl8tXzl1MW53RWU1VU5BUndkUlFMYUw?oc=5,2025-10-16 05:43:27,TSMC profit surges 39% to beat estimates and hit yet another record on AI chip demand&nbsp;&nbsp;CNBC
New York approves power line for Micron’s $100 billion semiconductor plant - Reuters,Reuters,https://news.google.com/rss/articles/CBMi3AFBVV95cUxNQ0VpZXFhWVpCcHQ0ZHRDZ3BQaHdmOWwxUWlBbVZxVjZNNUt0VW9tT2Z3cEtycEVhZTQ5VmlqUjMtX0dfeF9XMXhqa1NZOFc2VmdIUy0tTmoxM2lEaGZNajZ4d1VQYWdYOUF6M1NjMmt6REJGaUhCeVo0bk1ZYlJMbklwQ1hVS1QwX2NYMXI2STJ5U2s3X2J6VGdJR0pFT1FsMFdGeDZpMTBJbVhkNWc3WnFDeVZKZzNxYVc4Z2xnUzNTNHpIXzh5UmE0TTdqUVZORjc2ZFJBSTF5M3lL?oc=5,2025-10-17 03:27:00,New York approves power line for Micron’s $100 billion semiconductor plant&nbsp;&nbsp;Reuters
"The M1 Chip Is Dead. At Least, That’s What Apple Wants You to Believe | by Mark Ellis | Mac O’Clock | Oct, 2025 - Medium",Medium,https://news.google.com/rss/articles/CBMirAFBVV95cUxPOWVnQzVjc1dmVE5ITkRJTUFDNW9WWl9sc0ZaZk85aHExT2VlNGlQYmd6WlpQZjNCd2psaHhOaXZJQU9aUTk1Q2t3LUZSSm54STVfVDlSYU1qdGhhM2pBWTNHQjgyQUJIZVhFYUgtSTV6THFycS1lX2tDaVFKZWt2eE12d19LNkpuVVMxcVN2S2JZaGdveTBwM3FDUkFrYWFac1c0ZXVzOTV6eEpQ?oc=5,2025-10-17 13:34:10,"The M1 Chip Is Dead. At Least, That’s What Apple Wants You to Believe | by Mark Ellis | Mac O’Clock | Oct, 2025&nbsp;&nbsp;Medium"
Susquehanna Maintains a Buy on Taiwan Semiconductor Manufacturing (TSM) - Yahoo,Yahoo,https://news.google.com/rss/articles/CBMimwFBVV95cUxQSmNjTjRNc2Z4VDUxZ0J4QktaeFhIdGZWeS1DYmxnYWg5TzRVRmVoQkNucVZGUnJ6NGpyS0VhRGtsVVpzVDFqa1NLVDNJR0pvakRVbnpFTWxydjlyVmozdV9pbVV1S29hM1RRLTVCMEhzMll0Q2J2bUgyZ24zNWtXNE5fRlBvQzFBaTEwaHM2ejBHUmt5Z2p4MktXdw?oc=5,2025-10-17 15:08:57,Susquehanna Maintains a Buy on Taiwan Semiconductor Manufacturing (TSM)&nbsp;&nbsp;Yahoo
Apple M5 Chip Delivers 4x GPU Power Boost Across Devices - Gadget Hacks,Gadget Hacks,https://news.google.com/rss/articles/CBMilwFBVV95cUxOSnVucGhURnF2aVY5cGtfZ0FHaGxLakhKWVVUcDVMaF9RZlFDRmZBb29BcnJITTQyNm1Fbkdmc1RwX0NxWlBpaDV5T0ZMSmRRc3ZBQnM1YkpCVVpxbC1aZ1NRcURzWDdsVkx3MUlZZTdSbzliQlhGbGx2dW5pZUd0RTY0ajloanBsRll2UV9NdUREVzFHT2Mw?oc=5,2025-10-17 13:58:46,Apple M5 Chip Delivers 4x GPU Power Boost Across Devices&nbsp;&nbsp;Gadget Hacks
"Micron to cease chip sales to China, bitcoin sinks to 4-month low - Yahoo Finance",Yahoo Finance,https://news.google.com/rss/articles/CBMiggFBVV95cUxPMUk4UzBfTmJhbmMtaGdQRVhoNDZkQjlrWEUzWlBEbWMwdFdRQWM5ZkotbFlUWk5aeXJmZnJQZDFiU1hlendSYWxmN2J6QmJqOU9udk9pUzJneWJPLVhhNnNvR2RoRENHS01iRmdpNkgwZ1JlWTFnbW9IaVJkaGhGaU5R?oc=5,2025-10-17 14:45:27,"Micron to cease chip sales to China, bitcoin sinks to 4-month low&nbsp;&nbsp;Yahoo Finance"
TSMC Q3 profit expected to soar 28% on AI spending boom - Reuters,Reuters,https://news.google.com/rss/articles/CBMinAFBVV95cUxPRFUtZXBHY21mTHM2OTNXaU81a1JoUzYxTjI3NUo3d041cDdFZXFUR2EzLWE3a1hzdW15RTF4TmZmMzZUb2pHbzdybW9LQ2xnZ0ZBTlI4RHRraFZyNkpSaVliQUNmelpXTUV4NndGYWlQWWN3Y1BhZ3hDNURCUlFFNVBqellMRmtSdEJlWWVoVnRuanRVVkpMNGk4ekc?oc=5,2025-10-13 09:04:45,TSMC Q3 profit expected to soar 28% on AI spending boom&nbsp;&nbsp;Reuters
"The Morning After: Apple adds its new M5 chip to iPads, MacBooks and even the Vision Pro - Engadget",Engadget,https://news.google.com/rss/articles/CBMijgFBVV95cUxObEFBNDVCQ3hlTUtqb1ZJZXUycjdoRDdvMHl2TDBfUGhQTVAzN3FXN1VjbzVnT0h3RXJFOTlRSUVKaWpSTDJCV0k3ZzFqSzR0UGtwWTdjbHhwNlJ4MEV0QkdrbTgybjl4bmZQZktpRFZqcmVreWZsMFFmQnNPRW83ejlvSU5qNDUySnZuZWRn?oc=5,2025-10-17 11:15:23,"The Morning After: Apple adds its new M5 chip to iPads, MacBooks and even the Vision Pro&nbsp;&nbsp;Engadget"
Scientists smash record in stacking semiconductor transistors for large-area electronics - Tech Xplore,Tech Xplore,https://news.google.com/rss/articles/CBMilwFBVV95cUxNdVdZRmlzSVQ0YjE4S0trcHhNbGg1d1VQSGg3NURWcXY0ekJ2dC1TVldzS2pnVDhScXNFTXBrT3o1aEFnT05pNTJmRFEyLTc2TTNnNjNHSy1kVllvODJMVTFPYldYSmJHbEtQbG5fQVA5TU96T1VycGJhRXhvODdyeFV2cy1rX2RmbEVROUViRl9nZTVVemFn?oc=5,2025-10-17 09:00:01,Scientists smash record in stacking semiconductor transistors for large-area electronics&nbsp;&nbsp;Tech Xplore
A tumor-on-a-chip for in vitro study of CAR-T cell immunotherapy in solid tumors - Nature,Nature,https://news.google.com/rss/articles/CBMiX0FVX3lxTE82Z3c1dGZMQkdUM29mTWpvNFlZckVDV0RkbHpMN1VWbTRCV0xaNWZwcnZvTjNkbzg0Uzh5RzBPeGV0ZHRHYWRvc3BqUFloZWlibFJFSmpraV9GYUs5UFdj?oc=5,2025-10-17 09:13:57,A tumor-on-a-chip for in vitro study of CAR-T cell immunotherapy in solid tumors&nbsp;&nbsp;Nature
TSMC Just Shared Fantastic News for Nvidia and Broadcom Investors - Yahoo Finance,Yahoo Finance,https://news.google.com/rss/articles/CBMigwFBVV95cUxOT2dKNlBRam9Ib1k2ZHJQaXAxMHNKRmdiUFZyM084TVR4dmc5RUdKOFBIX2VWQzJKczdsRWVjZ0J2M19vZFU0Y2JVV0JlNVhITTFDbHVFekQ2M1ZpYURMcExmeTE5ODBWanl4TDlPZzVBN2szamIwNmR2SmhSalVpNVYxMA?oc=5,2025-10-14 10:30:00,TSMC Just Shared Fantastic News for Nvidia and Broadcom Investors&nbsp;&nbsp;Yahoo Finance
Intel Introducing Microcode Staging Feature For Linux 6.19 To Cope With Bigger Blobs - Phoronix,Phoronix,https://news.google.com/rss/articles/CBMia0FVX3lxTE1CdXJPX2NGbHh0UWFHeVVVSUpVQ3VKQlpmeC1CVDNmQWk4OFhBaEk2M0M1b0QtR3ljd2xpZDJhTmNIWnMtNGZqT0tYYnJjOVFrdGR4eDlYREhWNFBDTlNnd0pObEZ4cTV2VmR3?oc=5,2025-10-17 16:08:00,Intel Introducing Microcode Staging Feature For Linux 6.19 To Cope With Bigger Blobs&nbsp;&nbsp;Phoronix
Analyst Endorsements Highlight KLA (KLAC) Resilience as AI Demand Reshapes Semiconductor Equipment Industry - simplywall.st,simplywall.st,https://news.google.com/rss/articles/CBMixwFBVV95cUxOUWJWclhxakU2V3E5Z0tRZjd1VzFyWmtQTnotaDc3bkY3V3dMX0xmVUdHNFdOM28wck5keC1TZUtkNEoydVYtekRvRy0wUUI2SU9FNHVTdFpfeVZLMWlreVJqOV9xd0JwbVEzV01yWTFZTXNDcVY0VkcyUjdBT0pNMXB2amNnM25tWVotWlY1LUpZQ0lQZ0dEbmh4NHNqVTNybUJKd08yVjVQN25mZTk0U24yWGZUU0ZGdVhYSzBHWWF5Q3hqNEtv0gHMAUFVX3lxTE4zYVZaZlFjZVJNTFQ4R0l4dmt6X3ZMYnFsd2VreFZ5Q05ReUIydDI0UDZhcmlWX21xMm96c3hWTlJxdlZPTzQ2ejFJRFJISE1GNjQ5aDc1amEwMlMwdEpNWDFzTDNndG9EdzBQNEwzSUNrX01NdEk4eUhjZ2xnMjdQRTFFYUNJR3lsMm9zWHNCblB0Q0pEQnNwbURheDZQRUhBbVFNekdYaFNiS3RLRlhvVVQwdTNMazljNlZvSUxTMm1oY21EcmU0bmJyYw?oc=5,2025-10-17 13:39:55,Analyst Endorsements Highlight KLA (KLAC) Resilience as AI Demand Reshapes Semiconductor Equipment Industry&nbsp;&nbsp;simplywall.st
MIT spinout Vertical Semiconductor raises $11 million for AI power chip tech - Reuters,Reuters,https://news.google.com/rss/articles/CBMiwAFBVV95cUxNMWItVTRGUC1idlJaMEVBdGZnY29XNVZpSWd0QVVHbVV4OXhBYWdteFJQVDJ1MUpIUkI0RFE5d0RGaFp4N3dpQVc0RFE4ZS1lSmdyb25JckZGcFpGel92ejlhWUgwbmVETV8tcUJGRURxWGJyWVUzamhkbUtPbWVOV1ZzVmRCZjRzd0FQTWZoVl9Gc1REYlpPd0RSQk0tT3hiWFkzb2tBWEwtTExCWGxMYXRqb1lUeFRNNXFmNnU3bXQ?oc=5,2025-10-15 14:33:10,MIT spinout Vertical Semiconductor raises $11 million for AI power chip tech&nbsp;&nbsp;Reuters
"TSMC Q3 profit jumps 39.1% to record, beats expectations - Yahoo Finance",Yahoo Finance,https://news.google.com/rss/articles/CBMieEFVX3lxTFBDWWNfWlZ5TzV2UElwVTdYUWxtdjJtZzU4TG9sZ0hrNW1tQV9rUHhmNTdNWWowV2tKTjlZa0gyeU9FYTZHWWpXaFBYVUl6YmZWNmc5YUpDMFpEU2N2YWo1S1RQVGpRWWtUSm9DTGhPeVlPYzZhQk9WTw?oc=5,2025-10-16 05:40:00,"TSMC Q3 profit jumps 39.1% to record, beats expectations&nbsp;&nbsp;Yahoo Finance"
TSMC Earnings: Insatiable AI Demand Comes From Multiple Customers - Morningstar Canada,Morningstar Canada,https://news.google.com/rss/articles/CBMipgFBVV95cUxPVU16QktoNG95djJvYUl5WWVVSzc4Sng0Z0dTWHIwY2gzVVcweDhPYXlUb1I2c3FhcTlDUDBaTG5SdW42UFh0X2Q5V2YyQzV3MnVUNEtZY05DVWZsQU5YRkF3N1ZDOUxnR2VwaVZ6eVdubzNDRXV6Y2VuNXROUlFtem5QV2FScUdoNkVJbDFNRjR2WnBfWmN5Tnp3WG9yVHN3TzZFNUZB?oc=5,2025-10-17 08:45:20,TSMC Earnings: Insatiable AI Demand Comes From Multiple Customers&nbsp;&nbsp;Morningstar Canada
TSMC to Bring More Advanced Manufacturing to Arizona Plant Ahead of Schedule - TechPowerUp,TechPowerUp,https://news.google.com/rss/articles/CBMisAFBVV95cUxPd2ZGU1BOa2g5RVpTbG43R3FrNmNQV3owZDFhSVE5QlBSVjU4aUV3Z3NDWTNnUVZYUWQwVkVjTUtlV3BlaHlIUkVrcFFQaW1hdmo1R2pZSHYydG5fWDR3clpBZjVRQUNFRTdVcEpkWERSak9nZWw4M3pMX3B1X09vbVdMUVpxY29la0hLQXhsVHh0VDVBcXcydVJqcUZaYXFjajAzMTN0SU90N09FYXNyWNIBtgFBVV95cUxONk1DYXdXX3JRRjZhTlFpR2ZnWWc4QUY0aldVb1U4OHM0X1dBcXMwMDBNTVk4ak5mUG41a0RFZVRsT0R2dkl5SVd6d3l4azBlX2MtVTZLMG80UjJmaFpzclBqZW12TXVKZEJjSnM0TVhhZmhhR3VNT1JWV0tmTTR2c190ek1WZ0xwS2k1NUNnSndiQ3JucklaTWU3dnpNT1FhTHFhX2pIM0NMMUVuV0FrcnJ6Y2t1QQ?oc=5,2025-10-17 09:47:59,TSMC to Bring More Advanced Manufacturing to Arizona Plant Ahead of Schedule&nbsp;&nbsp;TechPowerUp
Japan and Taiwan Energy Tech Firms Teaming to Increase MW Conversions of Renewable Energy Resources - Home | EnergyTech,Home | EnergyTech,https://news.google.com/rss/articles/CBMi_gFBVV95cUxPY1d3Njkxbl9Ra1ZSSmxwMU1udUltbVpYdGlwcHJ0aGg4ZXpJR3NsUU5nT3RGNzBWODdrbGtnZThWRHFGclJOZkFhSzVUS05ieC1tZ1U4TGUzR1Z3SXNEZmxrYUsyR1hNZHRBUFB2OVlHNk9RdVB0X1lNY2Q2VUw5OHlQWnNORWJ6Z1pFcXF2WnhKUmw3SVpXbWxma3RNQWlfOVpfSlJqTjZtb0hJdHd2TlVIem85TFplVjR2WVFTVFBySEJMekVuRlVYRzE3eHdrWlNLU1FWYnhuQUV2dmdpVFN3SnhHMml0YUFaN2N5QXoxNHNMRU1iOEJKSTRUUQ?oc=5,2025-10-17 14:18:53,Japan and Taiwan Energy Tech Firms Teaming to Increase MW Conversions of Renewable Energy Resources&nbsp;&nbsp;Home | EnergyTech
Nearly 40% jump in net profit: Chipmaker TSMC capitalises on AI boom - Euronews.com,Euronews.com,https://news.google.com/rss/articles/CBMisAFBVV95cUxOMUhYWmFBUEItY1dvYTdJTXAxUG5VSEtHX3FNcngzNzhweUhzQW5EOGRScnJiY2hYZkNrWlpLUjAyamNYOVJBcG1rU2ZlUUVkREl1dktMYnVLMEZNVWVSR1BxLXZaRTVRMVlRMDlrcjFiMXJ1N0NWQWgzMzFlLXRaSjM3OXhnY1liYXpQSTRDbWpiRDJwQWdPRS1MaGNBanlBU3NFc2RHWXZwdG5YYUNWLQ?oc=5,2025-10-16 14:35:03,Nearly 40% jump in net profit: Chipmaker TSMC capitalises on AI boom&nbsp;&nbsp;Euronews.com
"Israel shared intel on location of hostages’ bodies with mediators, official says - The Times of Israel",The Times of Israel,https://news.google.com/rss/articles/CBMirwFBVV95cUxQZXZ3VGlQZ3V5VXdwTldyZWJsWjE1c1luQTFVQ09uOXZkMDVSMXZ3TU9DT3gzXzJfMXZlamktOEV1T1dDSUc4c0h4YjhtTUo1ZUtVVEJYT01TNVllN0RvX0RXYWxWdVFxc05rQnItSk5lbXdIZXF3MnlGZ3g2VGdQXzN1OFI2TF95VG9ISXM3c3k4c3YzcmdDYm4yRHFnLVNpRFppR2RCc1lnRTNyTnVj0gG0AUFVX3lxTE1sWHJJUWhOWDEtbURXZ0trWXVhNk1va3I0MGlNenhrclVhYWtQdE1YZGJCWmdMbWM0WjNBQlkweF9yWXZrY3JibjQ3SEpHUXJ0aWw2S1dnWUQyTXc1Y2prZk5UcGxOaU1Bd0hVbVdWT3RaSWdmM0ZHN2Q2U01IcTQ2MkZWZmRnTFVYNjBTcmVPZGZQeTlKQjUxRDJWUUE4TVdjaldLVVBPV0Z3emJHd21QUXpxWg?oc=5,2025-10-16 19:03:00,"Israel shared intel on location of hostages’ bodies with mediators, official says&nbsp;&nbsp;The Times of Israel"
Taiwan Semiconductor-Heavy ETFs in Focus on Upbeat Earnings - Zacks Investment Research,Zacks Investment Research,https://news.google.com/rss/articles/CBMiogFBVV95cUxQZzcxWkRVSFhsaXJIcmlMUzRoaV9neEFKczJjdEdGVXdyUVMzdmtWSFMxbEpFMFEtd21SbmxJd1ZUV01fRmtoWVRDZ2ctNFRiaVdJMF94b293WWJGMHplZE1QUDZSalVGWHE3ZmpzdjBRWlFrUG9icEFwalV6N0h4dzI2NUN5UG5sWHllQXYyMmd0SExCYlZULUg3ZDhCM1FybXc?oc=5,2025-10-17 10:03:50,Taiwan Semiconductor-Heavy ETFs in Focus on Upbeat Earnings&nbsp;&nbsp;Zacks Investment Research
e& UAE and Intel Join Forces to Build AI Centre of Excellence for Edge Innovation - TechAfrica News,TechAfrica News,https://news.google.com/rss/articles/CBMiuwFBVV95cUxPZEFaTldfQVRGVDg4Z1VkMU9JSnd2eDRCRjRBclZIWDRMRGt0em03R3Z6QVFBNE94R3hlTXhkZFV2Q2V6anlOM3RFT2Rqam9IaVVMcEg1N3Y0NUQ3T0xrWFMwZWJTVWp1LXhrZzZwcDduakxsTUNoZm9CN0NOMXNMZFlkQ3VtM2hjcDEyaGdib3lDR0Qxa2hIaUxsSnBXMGdyX1MtRlZ2ZUFJcGtZLTJGY1dJaWE4Tzh3NXM4?oc=5,2025-10-17 08:20:56,e& UAE and Intel Join Forces to Build AI Centre of Excellence for Edge Innovation&nbsp;&nbsp;TechAfrica News
How Fast is Apple's M5 Chip? First Benchmark Results Provide Answer - MacRumors,MacRumors,https://news.google.com/rss/articles/CBMiZ0FVX3lxTE9tQlZnUjZKUS1nTWNKaEFMRlRTMzRfOUtvdjdPYVY0UE9tMnU5RUVPY3NoZEgzMDc2ZGV1aWFGZl9HdU5FaGV6TTcxMzZXTkMtUUhSNnFlUUJXaXkxQ3hNUjB2d3ZUc0U?oc=5,2025-10-17 14:32:59,How Fast is Apple's M5 Chip? First Benchmark Results Provide Answer&nbsp;&nbsp;MacRumors
"Microchip factory in Netherlands caught in tussle between Europe, China and US - RFI",RFI,https://news.google.com/rss/articles/CBMiwwFBVV95cUxPMmhzOUttQ2JpdmdzTHV6M0pjVnpSakdGWXA2R0h6RTd6cUdYRXk0dmNEa2d3WmRLNW41dHlCT29qdlpMQ1RqQ2EtQUV4OE5Dd1ZsSVFMc3BBZXppVzVMcHljTVVJTUprNHZEcU5RdjBvQ2tVQkhnQ3VpUU5BcGFmTTFyeWd0am1GQnozVDZ3eVJPYlhJOGlzLXRTTkdyNTd6RmUwX3E3eHpMdHViTkNQNWdZS1U1b3RoWnlVOGVOX1J1Szg?oc=5,2025-10-17 15:27:36,"Microchip factory in Netherlands caught in tussle between Europe, China and US&nbsp;&nbsp;RFI"
Oracle (ORCL) Is Up 5.4% After AI Suite Launch and Chip Partnerships at AI World Conference - simplywall.st,simplywall.st,https://news.google.com/rss/articles/CBMiwAFBVV95cUxNU3hpMnNjVHFrb3paMTFab292MGNXSUFIa0UySlhERU5RQXh3QWt0b1p0QUFHa1M3OGdLQnZPSGJQZVhCZUhHSnhsS3BwOGs2djJ1eFVYNE9IWXRZUTFYYUdCMUw3RTBxYkVRQUlPOHZiQUhsQ1NjRVU2em90eFR2MDNWWlFMOFAtT2NvRVd0MkUtOWJmMFphMVVWQjB6MzlxVHBXOFV6T3piRWE0U1ZHa1g2Tnk3MlUxd00wa1FQdGrSAcYBQVVfeXFMT0hNZzU2dUtMVVZ5VGE1dGFGbzVURGNQeS1vLTdZSWxDMnc3STRkb2NsUk9SNG9YWkpRRVFzaUFKM1NyQU9XNFZxSklXMjUyTGxEY1NJZlRCNEQ3YktISm94azVDMnhGU3lNY0s0VjFVaU9oTEppNWJGcW1ZVUVjNmV6ZHdDQU9iaWZKNF9VZXRYUF9seFlGOEkxSTRLOUpiMUM5YlRxcTFPWVBncVlqNWtKTmt4ZFp3WTh2VzZZblAwdkU4enJB?oc=5,2025-10-17 13:37:56,Oracle (ORCL) Is Up 5.4% After AI Suite Launch and Chip Partnerships at AI World Conference&nbsp;&nbsp;simplywall.st
Intel Vulkan Driver Adds Support For Xe Driver's Low Latency Hint - Phoronix,Phoronix,https://news.google.com/rss/articles/CBMia0FVX3lxTE1rQi1iVndBM2RKZFhLYWR2OG13Z01OQ19wSEJlTGM1RjJnQ1RiV2E4UXZJYlZsbkpIeTVKNjRqTWlXY0hhbS1yZnVYVXdJUWxGTlo2ZW9CbndyRzZ1clBwMXBQeFVmd05EczNr?oc=5,2025-10-17 10:16:00,Intel Vulkan Driver Adds Support For Xe Driver's Low Latency Hint&nbsp;&nbsp;Phoronix
"Trending tickers: TSMC, Salesforce, Hims & Hers Health, Nestlé and Whitbread - Yahoo",Yahoo,https://news.google.com/rss/articles/CBMirAFBVV95cUxNTmstbXpueVVKN2p1bGFyc2tST185RC03cHJVeGtKOUJEWmhjZXdGSXpKMXZRbGUyTnhsM2ZoMHVpRHJ4LVVPNUNtT0xSTURQcGRQZGU3WGhpQ1hwSUxncDJ4OUNkaFBFRFUwMTRmblhCX1I2ZG40LWhncjE4alVUTTZwMmVsRDM2SFE5cDBrTEpicENoaE9BQ01JYUxYbk42UDBaZjhGSHBZdk5h?oc=5,2025-10-16 08:58:17,"Trending tickers: TSMC, Salesforce, Hims & Hers Health, Nestlé and Whitbread&nbsp;&nbsp;Yahoo"
TSMC: A Strong Buy At All-Time Highs (NYSE:TSM) - Seeking Alpha,Seeking Alpha,https://news.google.com/rss/articles/CBMif0FVX3lxTE1VUFV2V1YyTnNEYmw4OUg0cTd6VVZTX1hRNUsxNWVidm44SjZ3ZkYyakZxZkZmQXktb0VtYzFaekpKNlZGMmF2bW4wLW9lcmQ0eFMzSkZyR05CMVFPS1FLY3ZhTFpJTGxURkVFLWZXbkJCdUJQZVVndlBvQWZscmc?oc=5,2025-10-17 14:06:05,TSMC: A Strong Buy At All-Time Highs (NYSE:TSM)&nbsp;&nbsp;Seeking Alpha
"TSMC accelerates US 2nm plan, profit jumps - Mobile World Live",Mobile World Live,https://news.google.com/rss/articles/CBMikgFBVV95cUxQcWNJUXZycU5BYTd5enQ5bmw1TDd6RlRkSGl0NXlEbmthcFd0dTB0TWo4cG1LRzVHYjljRXBIX19rRENkS0tpMVlyVE80Skk4ZlFFSFpzcTVvLTgxNEJQRk9NejllWkRlQW43NWZzeGRScmhWSUxQNTlIM1Rkd1pZTndjcUNUOTlKc0h0bzNRTmNxUQ?oc=5,2025-10-17 08:52:29,"TSMC accelerates US 2nm plan, profit jumps&nbsp;&nbsp;Mobile World Live"
"Russian cosmonauts install semiconductor experiment, jettison old HDTV camera during spacewalk outside ISS - Space",Space,https://news.google.com/rss/articles/CBMigwJBVV95cUxQNjRkRWpTa200TG5SS3N0eGlLODlQOXNDNjlZYXh0bDdfcTI2WVFpd0d0TGh3R0loMnJWXzRFSFFDbzB4cjktZ2tKcUE3ZG1sOVJKNi1Hc2RBQVh6NHR2SzRRS0xvZFViWHhvejVBU1Utb2RTQ3RidTNBeGxtSGdJTGJRNkdkclQxaGNKbklJSWRfZUsxZlk4N09Nc3ozTXlzcHJURzVpQWVpQUVlOXhhdU80UmM3WTNfdU5RSUFXQ3BHX0VpcFdmc2d1VU15bmNxZTdsZENzRU5RYThZclVVZlVKdU1jd0VhUHZ6dGpEVUNVWnR3ZGVFTGdSVFJmeWVPVjBJ?oc=5,2025-10-16 23:54:23,"Russian cosmonauts install semiconductor experiment, jettison old HDTV camera during spacewalk outside ISS&nbsp;&nbsp;Space"
Why Semiconductor Manufacturing International (SEHK:981) Is Down 10.9% After Renewed U.S.-China Trade Tensions - Yahoo Finance,Yahoo Finance,https://news.google.com/rss/articles/CBMinAFBVV95cUxQb3VtVExESWZkS2VnZFY0SExYb2xvT0Q4TTZleHN1OTdsT2drOFBiMGlsZ3BtaWtfY2JVdVBQdTdCMG5GWXhjdnM4Q2hzZ3hBZi0wVUxtSHFtbmh2TkxGY1NaZks1YmJlNktNRkU4MzlhSVNWYWxFWG1zMUNKVVBlT2IzVld3a0pkeFhtWS1ZaHdJbWxIclYydTRUSVI?oc=5,2025-10-17 14:16:42,Why Semiconductor Manufacturing International (SEHK:981) Is Down 10.9% After Renewed U.S.-China Trade Tensions&nbsp;&nbsp;Yahoo Finance
TSMC moves up 2nm production plans in Arizona — CEO also hints at further site expansion beyond $165 billion commitment - Tom's Hardware,Tom's Hardware,https://news.google.com/rss/articles/CBMi9AFBVV95cUxPTWhWUm1adHVnT2R0OWRmckpOV0RrTmlMUVdLNVdfaUFkdXNwTktKM2pqRDU0ODlOWmRkd0pmVXZoRzRBWnFmUF9PRWtUY3ltLU1IdFZPNUJLVVJJXzY0WWluNGxGX21TbjZrQmFjcU1GS3RkbWdSazdvdkFlb2pqUktKTk5tWGtGMy12ZVZiMERiZXJIZ2U5dk9xNW14WlRxMXUxNEpsZmtWaHU4d3hYanlJZjhLbVdiNUVYSzdOdnN4YUNwczI1d0wzbFowT0R2RDh5UWhEUXA5NWpNYmhRYkRWZ0Ywd256TjVIcGpaSVM4UGxR?oc=5,2025-10-17 12:01:27,TSMC moves up 2nm production plans in Arizona — CEO also hints at further site expansion beyond $165 billion commitment&nbsp;&nbsp;Tom's Hardware
How China is challenging Nvidia's AI chip dominance - BBC,BBC,https://news.google.com/rss/articles/CBMiWkFVX3lxTE8tY1ZDSWtfN0t1TkpZQkJueGR4bjJ5S2t1WWMyYU5VZ0NrYzNzRWw5WGNYT2JOM282ZHJmRXdKS3FiNExxV3N4OVRIdk5YX3p1cDF2TXNqV2I3UdIBX0FVX3lxTFB6VXpSWUF0YTYzRk5EOVZISGFNVVlMZlVNNUg4eUpUMEFtajZzQ0d2dTdwUUJpY0M3OHpwbU9tUFBTMWEzSlJVMFF4OTlHZG9jeUR3NUtsbnRoN3Jxb2FF?oc=5,2025-10-05 07:00:00,How China is challenging Nvidia's AI chip dominance&nbsp;&nbsp;BBC
TSMC: Demand For Most Powerful Chips Is Booming (TSM) - Seeking Alpha,Seeking Alpha,https://news.google.com/rss/articles/CBMihwFBVV95cUxNcG1jZjVDUlF3X3ZMVk9BajVEc3hEVmlqUDBZMVpteGxjYlhBaGlRTXdmcm9HQlA3Wnp5MnY1Z0pFcGU3d29nR0t5X1pnRGZYUWdJNkJnTzM2dktXOG9KSEdDNTNlT2tMS0NFQnotdWdtR1JvSGVUYkNYazZKbEhHT1g5MFo3RDg?oc=5,2025-10-17 08:44:00,TSMC: Demand For Most Powerful Chips Is Booming (TSM)&nbsp;&nbsp;Seeking Alpha
INTC: Intel Stock Rises After Unveiling New AI Chip To Challenge AMD - Yahoo Finance,Yahoo Finance,https://news.google.com/rss/articles/CBMihAFBVV95cUxOSFZvLVNsTHg3bWp6SUxaVWJNQ2lFQXV0Q2xfV3pkYUIzUy1jTWxCR3NvcGZGOUtBaV9qbEtfdl9WWk9YWWt6R3VKbVJhcmJwNTJOUm0xM1FRSGpWbi1GdGY4ZzFueVB2b3dPbFZ6MUpuQWZHa2xRU0ViM3U1X1ozbzFwVUo?oc=5,2025-10-15 17:55:27,INTC: Intel Stock Rises After Unveiling New AI Chip To Challenge AMD&nbsp;&nbsp;Yahoo Finance
China’s secret weapon in chip battle with US: intense city rivalry - South China Morning Post,South China Morning Post,https://news.google.com/rss/articles/CBMitgFBVV95cUxPWURudy1TMFRDc3JnMXh5UHQtUXpxWWdVeTFaLWlSZmRTOUVnaHhKUlFmY1VaTXowN0o2bFhoYXRaaGJfc0dlU2N5N2RfNjRaUUlVdGZ4SEFGVGpPXzA4dnVpU2hReldBX19RQUNYSWd1T1RVOWpHblZQVUZJcUJZeV9DYWowcXk4UFRmM2ZHdTNwNE5XUnVKUWpqYWZnYWRoXzdqQTFuTnNfQmJjVGt3dEx6R1lsZ9IBtgFBVV95cUxOVDdPTnAwMmpUTEsyN2NoalZPMUoxbW5rQklYWE0tUlBMODExeDlHWkRUUnpXNDZtNGxyY0gxeVhnbXp4SERMWmNocWo1VEUyRGRLdVNaWFN5dGtZMGtILV9kZHlhdFBDWnZMVl9aaS1zTUFxdmhUX3BVR0tMaVRSRHJUbGlJOGl0Wm8yY3lMWFRCRWJkak5FT0R5aGxPOWFCOWNJcVhIM3ZoSVFmTkwyV0NGN1V1UQ?oc=5,2025-10-17 08:59:29,China’s secret weapon in chip battle with US: intense city rivalry&nbsp;&nbsp;South China Morning Post
Apple announces new M5 chip with double the per-core performance of the M1 and it's got me wondering why AMD and Intel can't keep up with Apple's single-core performance gains - PC Gamer,PC Gamer,https://news.google.com/rss/articles/CBMivgJBVV95cUxPN3dlUkZqT2Jma25sd3ZVSmVkZmZfYjRnbUx0YlBYQjlGcmNuYnJrQ1B2T2kxRTU5RzMzZ2s2aXFHSUtpdDZaSTl2M2w4bkVraW5NUkdLRkdubFFMNDcyb2tRdFB2cktJX01UYkNDbUNCYkhuZndlZGpfUG9RTzc5V2QwZ0xXUnBxTXl0cDZmOWNEX3ZjSjJGQ1kzZExvUVNrTG1BV213NW9vQV96ZVI4T1VYU0pNTGhJTkcyUnNIajRzMjVvanVQTkJtZnZaWEduVmJpaFRGWURtcjFpVnJGYnZndHduMF80NUV1ZDJ0U1VELTJ6dmc3NjdWS2FzVURCc0dlSmFaTUtnVk82NGxvQV8waG9XdklqMmNGcV9KLThtOXl4dWJvT1haOXZyMzlpcGRQUXJZZTAzR3ZJQ1E?oc=5,2025-10-16 13:27:34,Apple announces new M5 chip with double the per-core performance of the M1 and it's got me wondering why AMD and Intel can't keep up with Apple's single-core performance gains&nbsp;&nbsp;PC Gamer
Lanarkshire man claimed house fire was caused by chip pan despite 'unbelievable' petrol smell - Glasgow Live,Glasgow Live,https://news.google.com/rss/articles/CBMilgFBVV95cUxQNTVFNVBjbDZVMnBQc0VNQjBUOENoVnZsRi1Gd0c2QlY3U1gyOEFrWEZMaVFaSmc2QXNiVzREcmhyVTZXUTlTbkplUi1PNkE2SWZ2MWxpSzZOOWh4MmdERV9GN0VlNXozS3J5bGZaUHUwcmlyT0Exc1JWUzB2bGFTZC1zNTJVZzFpRWFobnFhd1JjdUtDN2fSAZsBQVVfeXFMTWZfMUlyeF9iWkVycVd5Zkt2UVJSakN5RkVrS0ZvU2FyWGVQR3J3VW1wdWoyRUJ0b3pLN21PVXlyajFUYndPZGhGTjVsTTcxSXE2QmVRT05CenlsMnZaa3k0QlZlZF9kX3U3aDF2OTNIMzBlbXUwRXR2LWx3b25rVURBbFZpdDZ3R0JGZXBQVkgwQ1gwQVZXcFEzVDg?oc=5,2025-10-17 05:27:00,Lanarkshire man claimed house fire was caused by chip pan despite 'unbelievable' petrol smell&nbsp;&nbsp;Glasgow Live
Fish and chip shop got ZERO hygiene rating after maggots found in 'putrid liquid' - The Mirror,The Mirror,https://news.google.com/rss/articles/CBMif0FVX3lxTFBLSXdoc2RaQzBNOTVvQ3pXR1Q1aGt3LUxrTEhMZjY4UXN3NkdrM2Z1RnA1Zmg4bUtYcmRjcjdJOVJWTFZKeFVIa0JjNjFJaG5BMXdtY09pLV9QT1RjcnFLUjFRaDRSaktsUkVlbmluTzZEVHVVbTlzd1dJSTM4a0HSAYQBQVVfeXFMTzFvYmxCbzk4aTcyNkU4SmNsWTV1X0FDNjcxcnNLLXRlaVZFcnQ3My1MdWl5Q3NUTW9LdTg5WlRmc0llVEkzb052UnM2cU5jRGhYTjJQUHI5d0d2N3EzazNNdzJFamxpd0dfYUJQazN6VE4zQzYtc29FSUo2Mm1Wc3UxUDlK?oc=5,2025-10-16 22:14:00,Fish and chip shop got ZERO hygiene rating after maggots found in 'putrid liquid'&nbsp;&nbsp;The Mirror
Cineflix Rights closes multiple deals for Pernel Media’s blue-chip history titles - Prensario Internacional,Prensario Internacional,https://news.google.com/rss/articles/CBMivwFBVV95cUxQSTlDWWNFY0hlWTQ4ZHhaQ21vTUdEYlEwTlpucGFCaHQxV1lWZ3M2UkhkSTNxZDVhTGxBbTFOMEE5WmZuYW12Wk9mcVBPUWZULVdwcmxpSzdMMmJWUWRUc2pEb0RsVl9Kc2tVNjFiTDNCdkhwVzQxTGh1LXhkc19saHlOZ2JIS01rdTZDYlVvUzdZUjQ1NzJ1WmNaVDVzaEd3V29UY28wbDFXZm1TYWdmX2I4Z09UY01tNDVlbk9jWQ?oc=5,2025-10-17 15:47:23,Cineflix Rights closes multiple deals for Pernel Media’s blue-chip history titles&nbsp;&nbsp;Prensario Internacional
Intel Arc B580 drops below £200 in UK for the first time - VideoCardz.com,VideoCardz.com,https://news.google.com/rss/articles/CBMiiwFBVV95cUxOSnljUmtYb2I5ODNQX1hhMmtxTnpjNHlUNFBsMFhLTkJ6S0ZvZnRuRHJ4Y3JJdlkwMG51S2VfeXVYQ3V5YjlHZ3hnV2VtcnowMUVTYXA4VWxENzdnVFRpYUo0TG55NUFCQzI4UkdfOVpET1FsYUsyM2RIRmJrTThiWnNlX0xpaWNDODdR?oc=5,2025-10-17 08:20:00,Intel Arc B580 drops below £200 in UK for the first time&nbsp;&nbsp;VideoCardz.com
Apple’s M5 Chip Might Mark the End of the Pro and Max Era - The Mac Observer,The Mac Observer,https://news.google.com/rss/articles/CBMilAFBVV95cUxOV1IydjZqS2h0U2pnRXNkUG8wcWltZTdzR1lYQTZvTlBsWmVreFlUcnk4ZXUwMDF2NXYwZV9NU2dSSEI3a0Jqck1uWkVSTFcyR2VwUHQyVHBzanZHaVBmUjBLc1pCSTRzRzdnc2NYc2w3RS12U1AtVGVEWUFrdy1palNmX0dFTzlGdjhLa1gzQnpDcU1F?oc=5,2025-10-17 09:47:15,Apple’s M5 Chip Might Mark the End of the Pro and Max Era&nbsp;&nbsp;The Mac Observer
"Nvidia, AMD, Intel: If the AI bubble is bursting, then someone forgot to tell Taiwan - Proactive Investors",Proactive Investors,https://news.google.com/rss/articles/CBMi6AFBVV95cUxNMTRSZTRSYmd4M2I4UHdHSkFqUFdBYmJxblhpYzF3SWZudnRNanFCRHMxeTRQVkxhNlRsVXV1Q18zZXRVdmhpNDI0LXYwWDJVeDFxaVYyaGxmeDJReHhPSFpzTndkMHU2ZHQ2aUhfa1E0SVdpUGE4RG1IOU84ZEJrUFM1ejdQRlowdHV3cnNqYV9MNmV3RkxKbkdNYUpaSndhQXEyMnZVc2dFNkZ3bzZHVmdRbnRTNUl4dmNmcjBpMFlUQ0s2Qm9qUzRaMkZZZFF5d3lSV0gyM2hRaGFxbzZiVXRjS2V1Vnl0?oc=5,2025-10-16 12:36:00,"Nvidia, AMD, Intel: If the AI bubble is bursting, then someone forgot to tell Taiwan&nbsp;&nbsp;Proactive Investors"
TSMC Earnings: Insatiable AI Demand Comes From Multiple Customers - Morningstar Canada,Morningstar Canada,https://news.google.com/rss/articles/CBMipgFBVV95cUxPZzF4bU5Nd2UtVEJVcFdLaDlqc0JRdmFLaVpPUUlhR2l3UlN4eTBrRnc0ZU5MNFkxU1JWOHlpV195NW9JYThjNWJWY28zMEYyQU43cFVobVVCMHNSVFVVM3dLNTlMTnA1TjY3a25NcTliVld3RW9JcmdtVmIwZ1YtSkNnN3ZZZUQ4MGhfSG5FRmEta1BONGJXUVNtOFMzTWw0cGF6Y25n?oc=5,2025-10-17 08:43:56,TSMC Earnings: Insatiable AI Demand Comes From Multiple Customers&nbsp;&nbsp;Morningstar Canada
New Linux Kernel Patches From Intel Delivering +18% Database Performance - Phoronix,Phoronix,https://news.google.com/rss/articles/CBMiY0FVX3lxTFBrbWg5bW5YS2pjSWZzblIyaHRfT2NhbVJ5eWZFUV9HaEJ2OVZiM3MzNjFHZmRlQ1FUUnRHZ0ZDZ1JFc2VtR1huZ2FjQk40Um44T2F6NFdSd05kdC1DdkpjZk1EZw?oc=5,2025-10-17 10:45:00,New Linux Kernel Patches From Intel Delivering +18% Database Performance&nbsp;&nbsp;Phoronix
TSMC Earnings Beat Estimates. What That Says About an AI Bubble. - Barron's,Barron's,https://news.google.com/rss/articles/CBMipAFBVV95cUxPWmo0dXlyRTBKNnVEUXVUZnZzRTEzOUJVTjdXSmxtYjJUdF82eUFsZGFUb1BqeFJtQVQ4TDlCNF81cE50bGNCQnhNZ2xFM2hXQk1XcURiWUtoMmZwUjQtS0FVTjUwRHdrT0EtUEhVMUhSbVRhVTRENzg2aVR6eDZidlBSNTA5RlJDTl9yTU9WVWVtbWRndkU2MHpmeUJ3cGVld3BCMA?oc=5,2025-10-16 14:53:00,TSMC Earnings Beat Estimates. What That Says About an AI Bubble.&nbsp;&nbsp;Barron's
Apple M5 iPad Pro vs. M4 iPad Pro: Does the New Chip Make a Big Difference? - PCMag,PCMag,https://news.google.com/rss/articles/CBMiqgFBVV95cUxQTlR5MkQxSi13NnUxUVFPM3pxSkNnQXAzcURRUDRlRGtwWFVKZE9GYVEwSzlsUFF1RDZjTVduZVY2TUJtaVcxSG1pS3FxQWg0bU9MNzFmRHVVb2lJMkJOWkxxb3F2VERmU1BIR0Rsel91R0liNFo3Tm5PemhzTnhxQ0Q1RG96THV0amhuSE0tdDFkQ2dLZmJCbVhmbVlIbXl5MUYtNHVSTVZ4Zw?oc=5,2025-10-15 19:16:17,Apple M5 iPad Pro vs. M4 iPad Pro: Does the New Chip Make a Big Difference?&nbsp;&nbsp;PCMag
Google Maps may soon show your travel time home upfront - Android Central,Android Central,https://news.google.com/rss/articles/CBMinwFBVV95cUxPNzhiWWJUWng0ZlNURmp5cFZPUllOYUQyeWF2VDhhUk44VDRHSkpaeEVfczEzUy13MGFlNk9vNTd2QTNKdmZvUmFMam9lX3JrUWVxYW9CR2p1WVJyMXJEVzUwWjFQdlNyQUVHeHlZSlp5SUxoeTZVcnFVYTFqbmxMOFFpeU5TS3MxNzN3RVhfRzRvUWFnXzE1cElBcjRISEU?oc=5,2025-10-17 11:25:14,Google Maps may soon show your travel time home upfront&nbsp;&nbsp;Android Central
"What AMD, Oracle, Nvidia, and Intel Shareholders Should Know About the Recent Flood of AI Updates - Nasdaq",Nasdaq,https://news.google.com/rss/articles/CBMiuwFBVV95cUxOQTBNb1h2eFhud3BuaFFDdC1WUVMyWlBUaHFkdzJpZmpzaHlSOTZQcEV3RkJGNG4zXzZlZlRFSkpsZkdOS2NNVERMRFd2WFJEdE5YQTZUcFlYT3FOTTBsbWhxODRTeFNZWjJTT21qTVpuVGk3RExJYS1uUmxabW1LNl82MnBwUDFRbk1wR3pVZ195TjJIWFI0RGl0VDU0aldPRWtMcnRmTE1sd0RmUkNycmpmVzllOEFsOWZN?oc=5,2025-10-17 10:00:00,"What AMD, Oracle, Nvidia, and Intel Shareholders Should Know About the Recent Flood of AI Updates&nbsp;&nbsp;Nasdaq"
Intel stock ticks up on reports of major AI client for 18A process - Investing.com,Investing.com,https://news.google.com/rss/articles/CBMixwFBVV95cUxOSWpJWnN4am5RU09nSGl0UzlMNDVLS2NwZFdyMWpKa3REWGRQTlRmeXpsNWpicGtZbVNLRVJBN0FEU2RJMVAxczNHOVlPTERSd1d4ZFZTM2d3bkktZ3ZacDJBY0NfUXItZFhrRF9oZEdNSXZXWkZmRnZwUTJVdFoxOE9qTmFLajNCbnJEWjYyazhXMGtNaHBkTVdYN0gzUHlqU0VObGxnc3AxNzhQREtlQkVrRmUzSFctLWJqMnI1cG9QTzI4ckhj?oc=5,2025-10-17 15:25:06,Intel stock ticks up on reports of major AI client for 18A process&nbsp;&nbsp;Investing.com
Getac readies rugged laptops powered by AMD Krackan Point and Intel Lunar Lake CPUs - Notebookcheck,Notebookcheck,https://news.google.com/rss/articles/CBMixwFBVV95cUxQaVJ2TTBaSnB5VnY0TzZnSHV4Rm9XMzRlMGRnUXFKRER4dnN1RERzS3hObm5MUjhkY2kyZ3pUYlBiQWE0UHczT0RKRzN0emFYaXRUQUVrU1ZOd0pYOXBWTjJaREptLWNqMEV6ajFDcllkMFVXTmtKeVRQWUg3bWVPd2RONHNqUGNvUzFWR3Q1UmJINjN3cGc4TXp0VFp1UTZCOXF2UWpTbmpTdWdsUTBDNHhQdndJNUZJcDdIeUpJRklicEtPSWhJ?oc=5,2025-10-17 12:54:00,Getac readies rugged laptops powered by AMD Krackan Point and Intel Lunar Lake CPUs&nbsp;&nbsp;Notebookcheck
Aixtron says 2025 sales to be at lower end of guidance - Reuters,Reuters,https://news.google.com/rss/articles/CBMiswFBVV95cUxPaWRTaW10YXhyNl9WMVd6dDBkbjI1NXozTHk3OXBYeWg5WHdQVVZxU1ktWE5FTFFhN0NyajhvdERwYjg0Rk4zSlBwRUQ5eGUtd000Tk9VR3pISHhBdHBKZkxhYTlpUmxDRUp2TlAyanpPcWdUb1M1LUgzV1pLMlMzNFdrdUpaaFRiN0tkSk1ZR1dfUXUzOTVURHFWUHRlNmNVMWVPVVZmdmUzeUc4ME5KdjRxbw?oc=5,2025-10-17 14:22:52,Aixtron says 2025 sales to be at lower end of guidance&nbsp;&nbsp;Reuters
Sleek mini PC with customizable display gets Intel Twin Lake-powered processor bump - Notebookcheck,Notebookcheck,https://news.google.com/rss/articles/CBMixwFBVV95cUxObkg2WS1PbFV6bTN1dW54S0lwWU9XWmM5dFRJOTctOFFGVEc5VGZ5NThFdXJNM0UzeERHWXh4aV92dkdpUy1SakgxT2I0WHpKT3NDemVBYWx1eEdERmQwMmdkUV9PemlwY0xwdzU0c2xDOW9MUGVCT0ZoNGQzLUgzT1habTRXaWFMOXFMaGg1UmhXck41WGxsaXRQTGZNTnJmeDlpUkRacXljdDM4UzBoelJDeTNSSFR1aUVmWkllbmVKU1B5NFVn?oc=5,2025-10-17 13:08:00,Sleek mini PC with customizable display gets Intel Twin Lake-powered processor bump&nbsp;&nbsp;Notebookcheck
"TSMC posts 39% profit jump, surpassing forecasts amid booming AI chip demand - TECHi",TECHi,https://news.google.com/rss/articles/CBMiaEFVX3lxTE5QdGp6VUtDZ25hTjNTNjlVcmVqRXQ4LVRIX09wRUgxUDNoQ0JQZXpld2pfSGR2dVlLM0JGVzNiVFpDcm84OVdzWG9XVmYxMVhNNU5McTh0cndGV3hrZWp2TTJ0d1JzS2Iy?oc=5,2025-10-17 10:39:11,"TSMC posts 39% profit jump, surpassing forecasts amid booming AI chip demand&nbsp;&nbsp;TECHi"
