title,source,link,published_dt,summary_clean,text_all,topics,iso3,sentiment,source_class,item_score
Carmakers fear chip crunch as Dutch sanctions hit Nexperia - theregister.com,theregister.com,https://news.google.com/rss/articles/CBMid0FVX3lxTFBmdVhnMTgyM0pMZGJtazA0c0lzNzF2czEyaTdnWFdVR2N0Q0NUZ3A1WmdSbk1yUllUeEVfTjlfUnZObzVpdlNyZEdra1AxNGZDNFM1eDRDU0gzSkJOd0F2aWNUVmV0ZFRBeFhfRng3R192aEJYajNN?oc=5,2025-10-17 12:36:00+00:00,Carmakers fear chip crunch as Dutch sanctions hit Nexperia&nbsp;&nbsp;theregister.com,Carmakers fear chip crunch as Dutch sanctions hit Nexperia - theregister.com. Carmakers fear chip crunch as Dutch sanctions hit Nexperia&nbsp;&nbsp;theregister.com,['policy'],NLD,negative,niche,49.67725507804054
Nexperia: Dutch government takes control of China-owned chip firm - BBC,BBC,https://news.google.com/rss/articles/CBMiWkFVX3lxTE1BSFdqdDRRb1B1cG1nZnM3Zlc1Z0tGMl9ZU24zNWhFTGRxTno4ZUc4ZTJWSFUxRDNRN1lyd01yMkF3b3lTSnJWYWtOYjVVZmhhMXJoQ00tX2dNUdIBX0FVX3lxTE5iSXgyMnF5d2RCZnpYbUJTQTB4UkRsRGcwZUdNQ1M4UjF0cFp1XzJrRFRCcFlFdTBuRVBMSFZDbVpTcnVIbllQLUV0RzZrbjNIbzNUOVJCZngtTWNNeG1F?oc=5,2025-10-14 03:14:28+00:00,Nexperia: Dutch government takes control of China-owned chip firm&nbsp;&nbsp;BBC,Nexperia: Dutch government takes control of China-owned chip firm - BBC. Nexperia: Dutch government takes control of China-owned chip firm&nbsp;&nbsp;BBC,[],NLD,neutral,major_press,0.0
This powerful Intel Core i7-14700K is just $260 from Amazon USA - Eurogamer,Eurogamer,https://news.google.com/rss/articles/CBMikgFBVV95cUxNSGJGUjVZQTBYZk5TMFgtYkNuZEhEbi04aWhMc3FPUU5JTXM4SDY5TWU5ZDJ5VUNzbTJvckIyVDVhSUltN0N5SnBUOGl3TWhMbjJhakM2cEZYQWh3bHQ0TnF2ODNCQ2x1WG0tWGtLQllnVlBHRENiM1hqcS1FaG1OVUVYSG1qem00ektoSVpqTzc3Zw?oc=5,2025-10-17 14:36:59+00:00,This powerful Intel Core i7-14700K is just $260 from Amazon USA&nbsp;&nbsp;Eurogamer,This powerful Intel Core i7-14700K is just $260 from Amazon USA - Eurogamer. This powerful Intel Core i7-14700K is just $260 from Amazon USA&nbsp;&nbsp;Eurogamer,[],IRL,positive,niche,0.0
"Stocks to watch next week: Tesla, Netflix, Intel, Lloyds and Unilever - Yahoo",Yahoo,https://news.google.com/rss/articles/CBMiogFBVV95cUxQYTVzTkZhNjV0R3RKWnBBLS1BNVhNNDZkRE1feGxsZ2xqMWhKTTd3Q1h2YjFzR0xMY3R1clRxWkNXUklWREdCRHBjalROUEhqTDc5VUVvOGxVYkxldGVFclVXS0VnZVo5Nnp2X1NubDlyeEhnU2RxUUpmdnhZNFcxSDFTNm5pTWVBLUxQLS1TRjM3MnBEc0NYSTVRM1RBYmMwQ1E?oc=5,2025-10-17 14:16:34+00:00,"Stocks to watch next week: Tesla, Netflix, Intel, Lloyds and Unilever&nbsp;&nbsp;Yahoo","Stocks to watch next week: Tesla, Netflix, Intel, Lloyds and Unilever - Yahoo. Stocks to watch next week: Tesla, Netflix, Intel, Lloyds and Unilever&nbsp;&nbsp;Yahoo",[],IRL,neutral,niche,0.0
Loch Lomond Group opens Scottish gin distillery - Global Drinks Intel,Global Drinks Intel,https://news.google.com/rss/articles/CBMiiAFBVV95cUxPc19OWnZlNGh3bFdBQXZkTHVTNnRFMmRVc3ZyNjlFLTNEOTRNakswbElmSmVrXy03OHc0ZGloc1ozWjZJQzJYZVFEdkNEWWZMMUlDNlFodExRMGRSaTNZVW1DNGUtekpVSHFFSVZNZDRIYWx4QmYtSS00djJPd3d5ejd1VnlUMTdx?oc=5,2025-10-17 12:27:00+00:00,Loch Lomond Group opens Scottish gin distillery&nbsp;&nbsp;Global Drinks Intel,Loch Lomond Group opens Scottish gin distillery - Global Drinks Intel. Loch Lomond Group opens Scottish gin distillery&nbsp;&nbsp;Global Drinks Intel,[],IRL,neutral,niche,0.0
Intel Foundry Reportedly Secures 18A Order from Microsoft for Maia 2 Accelerator - TechPowerUp,TechPowerUp,https://news.google.com/rss/articles/CBMitgFBVV95cUxNV1RaUXBoUGlkRGZ4R01zczlyTWh0TDdacHpxZXJ0WjktTFFOV2t3aThtSi01Q0lsYTBGZEJTVmRFelhGQUhxOUZLY2RFSHpJNERoNFpvTmlOLThGSkFNSjUzN0lmSFQ2d21TSm5udFVBVXpnQkxPWmVONzRvYldtbk9sRURpLXhfQ3ZvTGNOVVJzLXNvRS1XVFQySFJyQ1Rzd2o1enVGNkxrMGFzOGh1NVA1Q1gwZ9IBuwFBVV95cUxQWFg1Vmdld1A0NjV5cU9ITWNUcDk4b1gwbjNNUU9JSE83WVhnU1lsLXloUGE5UTR6Nm0xbkh5MVA2R2hyQ3RwajM2ME5GY0hNUE1MZmVyRTNCaWxrZlYyWkVxUngweHBRbXJsbEdETlZEV1BvRDdTeFFES1h3TVB1R3F6Y0tFZm9wakNVRUtUbUJ5N19HcER4dVJHejZFZ2hUTDRSdmQzemFTYWhSTUdGY1lPNU5KWkZjaFBr?oc=5,2025-10-17 15:00:06+00:00,Intel Foundry Reportedly Secures 18A Order from Microsoft for Maia 2 Accelerator&nbsp;&nbsp;TechPowerUp,Intel Foundry Reportedly Secures 18A Order from Microsoft for Maia 2 Accelerator - TechPowerUp. Intel Foundry Reportedly Secures 18A Order from Microsoft for Maia 2 Accelerator&nbsp;&nbsp;TechPowerUp,['logistics'],IRL,positive,niche,41.27583760124255
RAF's Rivet Joint gathers intel along Russian border and lets Moscow know we're watching you - Forces News,Forces News,https://news.google.com/rss/articles/CBMixAFBVV95cUxNZEZ6cnlVSmRkQ2xTYnQtV0p2YzRXekdzRnMxb005aWRpT3E5QTFGYTBrbXRibUV0TkFhOUV6MjFKT0JCd183aHVoQUs4bGRHVVFIWFR2QmVZeWdYUUtFWG1WNDNLVndhOFNGV3RRUXpoUW5wTHl1dXktZ0dEdDhPd1g1WTdMbE1GcHNJQVlxVGVTUW9DTHlwM1NkRjYzOGdpT2tSRU9WY0drUmU2VkFuNi1mTjl6Z2J5a2hBRGdyc3lVdWI4?oc=5,2025-10-17 07:55:19+00:00,RAF's Rivet Joint gathers intel along Russian border and lets Moscow know we're watching you&nbsp;&nbsp;Forces News,RAF's Rivet Joint gathers intel along Russian border and lets Moscow know we're watching you - Forces News. RAF's Rivet Joint gathers intel along Russian border and lets Moscow know we're watching you&nbsp;&nbsp;Forces News,['logistics'],IRL,neutral,niche,42.37178171118855
Semiconductor 'brain' combines transformer's intelligence and Mamba's efficiency - Tech Xplore,Tech Xplore,https://news.google.com/rss/articles/CBMikgFBVV95cUxONkExN0xhMnMyUjlZSncyZlhIVElSaExXVnpjczFBelMzUVQ1Szk3c0RTaVFCUU1vdXFLSXdWUTNtQWk2aUxVMGszVzFPLXAxMEp5Nzd3QVdjdzE1blFPQmRSNXpMemJab0RTUWlFWmthSEhWd3JjN0tHQnI5SnZWdjYxcTJldUliejg2UVFYUjcxQQ?oc=5,2025-10-17 15:39:03+00:00,Semiconductor 'brain' combines transformer's intelligence and Mamba's efficiency&nbsp;&nbsp;Tech Xplore,Semiconductor 'brain' combines transformer's intelligence and Mamba's efficiency - Tech Xplore. Semiconductor 'brain' combines transformer's intelligence and Mamba's efficiency&nbsp;&nbsp;Tech Xplore,[],IRL,positive,niche,0.0
Intel’s Q3 Earnings Preview: Doubling Down on Dominance | INTC Stock price - Somos Hermanos -,Somos Hermanos -,https://news.google.com/rss/articles/CBMinAFBVV95cUxQaUFMcDlfYU03aXdMZThISzhLNzAteGJZRUZyTnhtZHdJYnk5enNOM0ViZ3ZsaVNvcnV1R2k1enZKYjlUeGFwbnVwUFhCRkZ1YWVMQi1DSmlQZURFQVhUbkstZURZN3NzUnV2alVJclFkc25GOVhjRjdscVltandjY0RHUmhsZUZReVA5cTM5WHowUGpSQVhFM0JyNlo?oc=5,2025-10-17 13:42:20+00:00,Intel’s Q3 Earnings Preview: Doubling Down on Dominance | INTC Stock price&nbsp;&nbsp;Somos Hermanos -,Intel’s Q3 Earnings Preview: Doubling Down on Dominance | INTC Stock price - Somos Hermanos -. Intel’s Q3 Earnings Preview: Doubling Down on Dominance | INTC Stock price&nbsp;&nbsp;Somos Hermanos -,[],IRL,positive,niche,0.0
Brazil Slot Intel Report: Week 41 / 2025 - Gaming Intelligence,Gaming Intelligence,https://news.google.com/rss/articles/CBMipAFBVV95cUxPbHlWWXI4U2Q5YXJoT2gtRF9aaDE2aFlpdjNqZkVMUmphWFI2dkJLMDI0cGVDOWtxWnhSVlFMY21tV0wwVTllV2phdWdhakgwek8tUURnOGtubjcyZk43NzZnV09naW9sYlJXa0tlMFBRSko1anFxTkFnV3EtaV84WkpBRUhBQUtjVTJyRnkyQS1TVkJnWEM1dUg3X1FHREVpaGRJQQ?oc=5,2025-10-17 10:58:24+00:00,Brazil Slot Intel Report: Week 41 / 2025&nbsp;&nbsp;Gaming Intelligence,Brazil Slot Intel Report: Week 41 / 2025 - Gaming Intelligence. Brazil Slot Intel Report: Week 41 / 2025&nbsp;&nbsp;Gaming Intelligence,['logistics'],IRL,positive,niche,38.19541172882939
"Apple M5 chip smashes Snapdragon X2 Elite in early single-thread benchmarks — single core scores rival Intel's Core Ultra 9 285K and beat AMD's 9950X3D, teasing multi-core potential of future variants - Tom's Hardware",Tom's Hardware,https://news.google.com/rss/articles/CBMi4AJBVV95cUxNR2RrTVkwWjF4UEc5Z01WZF9JZUFOd3BvMUs2RmoyWGxyaDhnTThSMnY2YlJyZWJaRnF0TmVCTk9wOFdlMW5DZHNCcE1ELTdhQUxUcG5IR0tsai1wYU1aaEY1LTR3WjNjVGlqWmdiSFUzREkwLU5jMjJaVGU3UFpmMmhaMk5mLVlLZG9LTEdjVVlkYmZxVFFKbjh3bUptWmhleTI1bW9FRUphQ0JTcE1UNEJXNGJHSjNVcWRFdzVaQWNXRUJqNWU1QUdBeDM1eG5weExKM05Ga3ZaaUZFNkxzXzNGUWNtUkprZlNVNGhaTjR3c05xeWJnQ0ZseHZ5UGRDMnhaalRWUW1Ha3lxVk1uUWFfU3VaSVMxVlVkWU9PX2JUU3c0YW1Ob2tVdHcwU0lLNVJhQ2Q2eGZWVENEeVdlckgtdTFNTkh0Vy1MMDZ0d055em9ZVUdUQTkxRzRvdnBq?oc=5,2025-10-17 13:07:02+00:00,"Apple M5 chip smashes Snapdragon X2 Elite in early single-thread benchmarks — single core scores rival Intel's Core Ultra 9 285K and beat AMD's 9950X3D, teasing multi-core potential of future variants&nbsp;&nbsp;Tom's Hardware","Apple M5 chip smashes Snapdragon X2 Elite in early single-thread benchmarks — single core scores rival Intel's Core Ultra 9 285K and beat AMD's 9950X3D, teasing multi-core potential of future variants - Tom's Hardware. Apple M5 chip smashes Snapdragon X2 Elite in early single-thread benchmarks — single core scores rival Intel's Core Ultra 9 285K and beat AMD's 9950X3D, teasing multi-core potential of future variants&nbsp;&nbsp;Tom's Hardware",[],IRL,negative,niche,0.0
Intel Introducing Microcode Staging Feature For Linux 6.19 To Cope With Bigger Blobs - Phoronix,Phoronix,https://news.google.com/rss/articles/CBMia0FVX3lxTE1CdXJPX2NGbHh0UWFHeVVVSUpVQ3VKQlpmeC1CVDNmQWk4OFhBaEk2M0M1b0QtR3ljd2xpZDJhTmNIWnMtNGZqT0tYYnJjOVFrdGR4eDlYREhWNFBDTlNnd0pObEZ4cTV2VmR3?oc=5,2025-10-17 16:08:00+00:00,Intel Introducing Microcode Staging Feature For Linux 6.19 To Cope With Bigger Blobs&nbsp;&nbsp;Phoronix,Intel Introducing Microcode Staging Feature For Linux 6.19 To Cope With Bigger Blobs - Phoronix. Intel Introducing Microcode Staging Feature For Linux 6.19 To Cope With Bigger Blobs&nbsp;&nbsp;Phoronix,[],IRL,neutral,niche,0.0
"Israel shared intel on location of hostages’ bodies with mediators, official says - The Times of Israel",The Times of Israel,https://news.google.com/rss/articles/CBMirwFBVV95cUxQZXZ3VGlQZ3V5VXdwTldyZWJsWjE1c1luQTFVQ09uOXZkMDVSMXZ3TU9DT3gzXzJfMXZlamktOEV1T1dDSUc4c0h4YjhtTUo1ZUtVVEJYT01TNVllN0RvX0RXYWxWdVFxc05rQnItSk5lbXdIZXF3MnlGZ3g2VGdQXzN1OFI2TF95VG9ISXM3c3k4c3YzcmdDYm4yRHFnLVNpRFppR2RCc1lnRTNyTnVj0gG0AUFVX3lxTE1sWHJJUWhOWDEtbURXZ0trWXVhNk1va3I0MGlNenhrclVhYWtQdE1YZGJCWmdMbWM0WjNBQlkweF9yWXZrY3JibjQ3SEpHUXJ0aWw2S1dnWUQyTXc1Y2prZk5UcGxOaU1Bd0hVbVdWT3RaSWdmM0ZHN2Q2U01IcTQ2MkZWZmRnTFVYNjBTcmVPZGZQeTlKQjUxRDJWUUE4TVdjaldLVVBPV0Z3emJHd21QUXpxWg?oc=5,2025-10-16 19:03:00+00:00,"Israel shared intel on location of hostages’ bodies with mediators, official says&nbsp;&nbsp;The Times of Israel","Israel shared intel on location of hostages’ bodies with mediators, official says - The Times of Israel. Israel shared intel on location of hostages’ bodies with mediators, official says&nbsp;&nbsp;The Times of Israel",[],IRL,positive,niche,0.0
e& UAE and Intel Join Forces to Build AI Centre of Excellence for Edge Innovation - TechAfrica News,TechAfrica News,https://news.google.com/rss/articles/CBMiuwFBVV95cUxPZEFaTldfQVRGVDg4Z1VkMU9JSnd2eDRCRjRBclZIWDRMRGt0em03R3Z6QVFBNE94R3hlTXhkZFV2Q2V6anlOM3RFT2Rqam9IaVVMcEg1N3Y0NUQ3T0xrWFMwZWJTVWp1LXhrZzZwcDduakxsTUNoZm9CN0NOMXNMZFlkQ3VtM2hjcDEyaGdib3lDR0Qxa2hIaUxsSnBXMGdyX1MtRlZ2ZUFJcGtZLTJGY1dJaWE4Tzh3NXM4?oc=5,2025-10-17 08:20:56+00:00,e& UAE and Intel Join Forces to Build AI Centre of Excellence for Edge Innovation&nbsp;&nbsp;TechAfrica News,e& UAE and Intel Join Forces to Build AI Centre of Excellence for Edge Innovation - TechAfrica News. e& UAE and Intel Join Forces to Build AI Centre of Excellence for Edge Innovation&nbsp;&nbsp;TechAfrica News,[],IRL,positive,niche,0.0
"Microchip factory in Netherlands caught in tussle between Europe, China and US - RFI",RFI,https://news.google.com/rss/articles/CBMiwwFBVV95cUxPMmhzOUttQ2JpdmdzTHV6M0pjVnpSakdGWXA2R0h6RTd6cUdYRXk0dmNEa2d3WmRLNW41dHlCT29qdlpMQ1RqQ2EtQUV4OE5Dd1ZsSVFMc3BBZXppVzVMcHljTVVJTUprNHZEcU5RdjBvQ2tVQkhnQ3VpUU5BcGFmTTFyeWd0am1GQnozVDZ3eVJPYlhJOGlzLXRTTkdyNTd6RmUwX3E3eHpMdHViTkNQNWdZS1U1b3RoWnlVOGVOX1J1Szg?oc=5,2025-10-17 15:27:36+00:00,"Microchip factory in Netherlands caught in tussle between Europe, China and US&nbsp;&nbsp;RFI","Microchip factory in Netherlands caught in tussle between Europe, China and US - RFI. Microchip factory in Netherlands caught in tussle between Europe, China and US&nbsp;&nbsp;RFI",[],NLD,neutral,niche,0.0
Intel Vulkan Driver Adds Support For Xe Driver's Low Latency Hint - Phoronix,Phoronix,https://news.google.com/rss/articles/CBMia0FVX3lxTE1rQi1iVndBM2RKZFhLYWR2OG13Z01OQ19wSEJlTGM1RjJnQ1RiV2E4UXZJYlZsbkpIeTVKNjRqTWlXY0hhbS1yZnVYVXdJUWxGTlo2ZW9CbndyRzZ1clBwMXBQeFVmd05EczNr?oc=5,2025-10-17 10:16:00+00:00,Intel Vulkan Driver Adds Support For Xe Driver's Low Latency Hint&nbsp;&nbsp;Phoronix,Intel Vulkan Driver Adds Support For Xe Driver's Low Latency Hint - Phoronix. Intel Vulkan Driver Adds Support For Xe Driver's Low Latency Hint&nbsp;&nbsp;Phoronix,['logistics'],IRL,positive,niche,37.67923601823528
INTC: Intel Stock Rises After Unveiling New AI Chip To Challenge AMD - Yahoo Finance,Yahoo Finance,https://news.google.com/rss/articles/CBMihAFBVV95cUxOSFZvLVNsTHg3bWp6SUxaVWJNQ2lFQXV0Q2xfV3pkYUIzUy1jTWxCR3NvcGZGOUtBaV9qbEtfdl9WWk9YWWt6R3VKbVJhcmJwNTJOUm0xM1FRSGpWbi1GdGY4ZzFueVB2b3dPbFZ6MUpuQWZHa2xRU0ViM3U1X1ozbzFwVUo?oc=5,2025-10-15 17:55:27+00:00,INTC: Intel Stock Rises After Unveiling New AI Chip To Challenge AMD&nbsp;&nbsp;Yahoo Finance,INTC: Intel Stock Rises After Unveiling New AI Chip To Challenge AMD - Yahoo Finance. INTC: Intel Stock Rises After Unveiling New AI Chip To Challenge AMD&nbsp;&nbsp;Yahoo Finance,[],IRL,positive,niche,0.0
Apple announces new M5 chip with double the per-core performance of the M1 and it's got me wondering why AMD and Intel can't keep up with Apple's single-core performance gains - PC Gamer,PC Gamer,https://news.google.com/rss/articles/CBMivgJBVV95cUxPN3dlUkZqT2Jma25sd3ZVSmVkZmZfYjRnbUx0YlBYQjlGcmNuYnJrQ1B2T2kxRTU5RzMzZ2s2aXFHSUtpdDZaSTl2M2w4bkVraW5NUkdLRkdubFFMNDcyb2tRdFB2cktJX01UYkNDbUNCYkhuZndlZGpfUG9RTzc5V2QwZ0xXUnBxTXl0cDZmOWNEX3ZjSjJGQ1kzZExvUVNrTG1BV213NW9vQV96ZVI4T1VYU0pNTGhJTkcyUnNIajRzMjVvanVQTkJtZnZaWEduVmJpaFRGWURtcjFpVnJGYnZndHduMF80NUV1ZDJ0U1VELTJ6dmc3NjdWS2FzVURCc0dlSmFaTUtnVk82NGxvQV8waG9XdklqMmNGcV9KLThtOXl4dWJvT1haOXZyMzlpcGRQUXJZZTAzR3ZJQ1E?oc=5,2025-10-16 13:27:34+00:00,Apple announces new M5 chip with double the per-core performance of the M1 and it's got me wondering why AMD and Intel can't keep up with Apple's single-core performance gains&nbsp;&nbsp;PC Gamer,Apple announces new M5 chip with double the per-core performance of the M1 and it's got me wondering why AMD and Intel can't keep up with Apple's single-core performance gains - PC Gamer. Apple announces new M5 chip with double the per-core performance of the M1 and it's got me wondering why AMD and Intel can't keep up with Apple's single-core performance gains&nbsp;&nbsp;PC Gamer,[],IRL,positive,niche,0.0
Intel Arc B580 drops below £200 in UK for the first time - VideoCardz.com,VideoCardz.com,https://news.google.com/rss/articles/CBMiiwFBVV95cUxOSnljUmtYb2I5ODNQX1hhMmtxTnpjNHlUNFBsMFhLTkJ6S0ZvZnRuRHJ4Y3JJdlkwMG51S2VfeXVYQ3V5YjlHZ3hnV2VtcnowMUVTYXA4VWxENzdnVFRpYUo0TG55NUFCQzI4UkdfOVpET1FsYUsyM2RIRmJrTThiWnNlX0xpaWNDODdR?oc=5,2025-10-17 08:20:00+00:00,Intel Arc B580 drops below £200 in UK for the first time&nbsp;&nbsp;VideoCardz.com,Intel Arc B580 drops below £200 in UK for the first time - VideoCardz.com. Intel Arc B580 drops below £200 in UK for the first time&nbsp;&nbsp;VideoCardz.com,[],IRL,neutral,niche,0.0
"Nvidia, AMD, Intel: If the AI bubble is bursting, then someone forgot to tell Taiwan - Proactive Investors",Proactive Investors,https://news.google.com/rss/articles/CBMi6AFBVV95cUxNMTRSZTRSYmd4M2I4UHdHSkFqUFdBYmJxblhpYzF3SWZudnRNanFCRHMxeTRQVkxhNlRsVXV1Q18zZXRVdmhpNDI0LXYwWDJVeDFxaVYyaGxmeDJReHhPSFpzTndkMHU2ZHQ2aUhfa1E0SVdpUGE4RG1IOU84ZEJrUFM1ejdQRlowdHV3cnNqYV9MNmV3RkxKbkdNYUpaSndhQXEyMnZVc2dFNkZ3bzZHVmdRbnRTNUl4dmNmcjBpMFlUQ0s2Qm9qUzRaMkZZZFF5d3lSV0gyM2hRaGFxbzZiVXRjS2V1Vnl0?oc=5,2025-10-16 12:36:00+00:00,"Nvidia, AMD, Intel: If the AI bubble is bursting, then someone forgot to tell Taiwan&nbsp;&nbsp;Proactive Investors","Nvidia, AMD, Intel: If the AI bubble is bursting, then someone forgot to tell Taiwan - Proactive Investors. Nvidia, AMD, Intel: If the AI bubble is bursting, then someone forgot to tell Taiwan&nbsp;&nbsp;Proactive Investors",[],IRL,positive,niche,0.0
New Linux Kernel Patches From Intel Delivering +18% Database Performance - Phoronix,Phoronix,https://news.google.com/rss/articles/CBMiY0FVX3lxTFBrbWg5bW5YS2pjSWZzblIyaHRfT2NhbVJ5eWZFUV9HaEJ2OVZiM3MzNjFHZmRlQ1FUUnRHZ0ZDZ1JFc2VtR1huZ2FjQk40Um44T2F6NFdSd05kdC1DdkpjZk1EZw?oc=5,2025-10-17 10:45:00+00:00,New Linux Kernel Patches From Intel Delivering +18% Database Performance&nbsp;&nbsp;Phoronix,New Linux Kernel Patches From Intel Delivering +18% Database Performance - Phoronix. New Linux Kernel Patches From Intel Delivering +18% Database Performance&nbsp;&nbsp;Phoronix,[],IRL,neutral,niche,0.0
"What AMD, Oracle, Nvidia, and Intel Shareholders Should Know About the Recent Flood of AI Updates - Nasdaq",Nasdaq,https://news.google.com/rss/articles/CBMiuwFBVV95cUxOQTBNb1h2eFhud3BuaFFDdC1WUVMyWlBUaHFkdzJpZmpzaHlSOTZQcEV3RkJGNG4zXzZlZlRFSkpsZkdOS2NNVERMRFd2WFJEdE5YQTZUcFlYT3FOTTBsbWhxODRTeFNZWjJTT21qTVpuVGk3RExJYS1uUmxabW1LNl82MnBwUDFRbk1wR3pVZ195TjJIWFI0RGl0VDU0aldPRWtMcnRmTE1sd0RmUkNycmpmVzllOEFsOWZN?oc=5,2025-10-17 10:00:00+00:00,"What AMD, Oracle, Nvidia, and Intel Shareholders Should Know About the Recent Flood of AI Updates&nbsp;&nbsp;Nasdaq","What AMD, Oracle, Nvidia, and Intel Shareholders Should Know About the Recent Flood of AI Updates - Nasdaq. What AMD, Oracle, Nvidia, and Intel Shareholders Should Know About the Recent Flood of AI Updates&nbsp;&nbsp;Nasdaq",['weather'],IRL,neutral,niche,37.801281339563936
Intel stock ticks up on reports of major AI client for 18A process - Investing.com,Investing.com,https://news.google.com/rss/articles/CBMixwFBVV95cUxOSWpJWnN4am5RU09nSGl0UzlMNDVLS2NwZFdyMWpKa3REWGRQTlRmeXpsNWpicGtZbVNLRVJBN0FEU2RJMVAxczNHOVlPTERSd1d4ZFZTM2d3bkktZ3ZacDJBY0NfUXItZFhrRF9oZEdNSXZXWkZmRnZwUTJVdFoxOE9qTmFLajNCbnJEWjYyazhXMGtNaHBkTVdYN0gzUHlqU0VObGxnc3AxNzhQREtlQkVrRmUzSFctLWJqMnI1cG9QTzI4ckhj?oc=5,2025-10-17 15:25:06+00:00,Intel stock ticks up on reports of major AI client for 18A process&nbsp;&nbsp;Investing.com,Intel stock ticks up on reports of major AI client for 18A process - Investing.com. Intel stock ticks up on reports of major AI client for 18A process&nbsp;&nbsp;Investing.com,['logistics'],IRL,neutral,niche,48.95094863016706
Getac readies rugged laptops powered by AMD Krackan Point and Intel Lunar Lake CPUs - Notebookcheck,Notebookcheck,https://news.google.com/rss/articles/CBMixwFBVV95cUxQaVJ2TTBaSnB5VnY0TzZnSHV4Rm9XMzRlMGRnUXFKRER4dnN1RERzS3hObm5MUjhkY2kyZ3pUYlBiQWE0UHczT0RKRzN0emFYaXRUQUVrU1ZOd0pYOXBWTjJaREptLWNqMEV6ajFDcllkMFVXTmtKeVRQWUg3bWVPd2RONHNqUGNvUzFWR3Q1UmJINjN3cGc4TXp0VFp1UTZCOXF2UWpTbmpTdWdsUTBDNHhQdndJNUZJcDdIeUpJRklicEtPSWhJ?oc=5,2025-10-17 12:54:00+00:00,Getac readies rugged laptops powered by AMD Krackan Point and Intel Lunar Lake CPUs&nbsp;&nbsp;Notebookcheck,Getac readies rugged laptops powered by AMD Krackan Point and Intel Lunar Lake CPUs - Notebookcheck. Getac readies rugged laptops powered by AMD Krackan Point and Intel Lunar Lake CPUs&nbsp;&nbsp;Notebookcheck,[],IRL,neutral,niche,0.0
Sleek mini PC with customizable display gets Intel Twin Lake-powered processor bump - Notebookcheck,Notebookcheck,https://news.google.com/rss/articles/CBMixwFBVV95cUxObkg2WS1PbFV6bTN1dW54S0lwWU9XWmM5dFRJOTctOFFGVEc5VGZ5NThFdXJNM0UzeERHWXh4aV92dkdpUy1SakgxT2I0WHpKT3NDemVBYWx1eEdERmQwMmdkUV9PemlwY0xwdzU0c2xDOW9MUGVCT0ZoNGQzLUgzT1habTRXaWFMOXFMaGg1UmhXck41WGxsaXRQTGZNTnJmeDlpUkRacXljdDM4UzBoelJDeTNSSFR1aUVmWkllbmVKU1B5NFVn?oc=5,2025-10-17 13:08:00+00:00,Sleek mini PC with customizable display gets Intel Twin Lake-powered processor bump&nbsp;&nbsp;Notebookcheck,Sleek mini PC with customizable display gets Intel Twin Lake-powered processor bump - Notebookcheck. Sleek mini PC with customizable display gets Intel Twin Lake-powered processor bump&nbsp;&nbsp;Notebookcheck,[],IRL,neutral,niche,0.0
